,Restaurant_id,Name,Locality,Address,City,Latitude,Longitude,Price Range,Average Cost for two,User Rating,Rating Text,Votes,all_reviews_count,Cuisines
0,15547004,Restaurant Hubert,CBD,"15 Bligh Street, CBD, Sydney",Sydney,-33.865348331,151.2106238678,4,150,4.9,Excellent,589,224,"French, European"
1,16558798,Quay,Circular Quay,"Upper Level, Overseas Passenger Terminal 5 Hickson Road, Circular Quay, Sydney",Sydney,-33.8580292558,151.20997041459998,4,500,4.9,Excellent,1366,454,Modern Australian
2,16559171,Tetsuya's,CBD,"529 Kent Street, CBD, Sydney",Sydney,-33.8751428662,151.2049315497,4,440,4.9,Excellent,1235,329,Japanese
3,16569454,LuMi Bar & Dining,Pyrmont,"56 Pirrama Road, 	Pyrmont, Pyrmont, Sydney",Sydney,-33.8671367304,151.1975169182,4,190,4.9,Excellent,452,196,"Italian, Japanese"
4,15545439,Manpuku,Chatswood,"226 Victoria Avenue, Chatswood, Sydney",Sydney,-33.794417475799996,151.1895420402,2,40,4.9,Excellent,486,190,"Japanese, Ramen"
5,16564814,Sixpenny,Stanmore,"83 Percival Rd, Stanmore, Sydney",Sydney,-33.8925519485,151.1647349596,4,280,4.9,Excellent,230,107,Modern Australian
6,16559140,Tan Viet Noodle House,Cabramatta,"Shop 2-3, 100 John Street, Cabramatta, Sydney",Sydney,-33.895041095500005,150.934162885,2,35,4.9,Excellent,463,182,"Asian, Vietnamese"
7,16564570,Sokyo,"The Star, Pyrmont","Level G, The Darling, The Star, 80 Pyrmont Street, Pyrmont",Sydney,-33.869338,151.19597,4,120,4.8,Excellent,1402,567,Japanese
8,18241437,KOI Dessert Bar,"Kensington Street, Chippendale","46 Kensington Street, Chippendale, Sydney",Sydney,-33.8854879306,151.2018050998,4,150,4.8,Excellent,997,437,"Desserts, Modern Australian"
9,16562527,Bistro Papillon,CBD,"98 Clarence Street, CBD, Sydney",Sydney,-33.868035927,151.2053140998,3,80,4.8,Excellent,505,155,French
10,17744148,Ho Jiak Haymarket 好吃禧市,Haymarket,"92 Hay Street, Chinatown, Haymarket, Sydney",Sydney,-33.8793663848,151.2040541321,3,70,4.8,Excellent,553,218,"Malaysian, Asian, Chinese, Asian Fusion, Singaporean"
11,16564699,The Baxter Inn,CBD,"Basement, 152-156 Clarence Street, CBD, Sydney",Sydney,-33.8697479935,151.2056279182,3,60,4.8,Excellent,701,142,Bar Food
12,16567404,Ester,Chippendale,"46-52 Meagher Street, Chippendale, Sydney",Sydney,-33.887620195100006,151.2009685859,4,150,4.8,Excellent,394,190,Modern Australian
13,15544520,Five Points Burgers,North Sydney,"124 Walker Street, North Sydney, Sydney",Sydney,-33.8372437721,151.2090309709,2,40,4.8,Excellent,331,169,"Burger, American"
14,17744990,The Dolar Shop Hot Pot Restaurant 豆捞坊 - 1909 Dining Precinct,"Market City, Chinatown","Shop 5&6, Level 3, 1909 Dining Precinct, Market City, 9 - 13 Hay Street, Chinatown, Haymarket, Sydney",Sydney,-33.8797716623,151.2029835954,4,120,4.8,Excellent,278,110,"Chinese, Hot Pot, Asian, Seafood"
15,16562756,Mappen Noodle Restaurant,"SkyView Shopping Plaza, CBD","Shop 11, Skyview Shopping Plaza, 537-551 George Street, CBD, Sydney",Sydney,-33.8761343944,151.2058719993,1,25,4.7,Excellent,1372,363,"Japanese, Asian"
16,16557237,Bar Luca,CBD,"52 Phillip Street, CBD, Sydney",Sydney,-33.8640203701,151.2119307742,3,60,4.7,Excellent,624,305,"Burger, Modern Australian"
17,16570446,Belly Bao,Newtown,"184 King Street, Newtown, Sydney",Sydney,-33.894499523,151.18256561459998,2,40,4.7,Excellent,420,199,"Taiwanese, Street Food"
18,16558906,Ryo's Noodles,Crows Nest,"125 Falcon Street, Crows Nest, Sydney",Sydney,-33.828515,151.206632,2,50,4.7,Excellent,818,256,"Japanese, Ramen"
19,16559190,Thai Pothong,Newtown,"294 King Street, Newtown, Sydney",Sydney,-33.8967473326,151.1796621233,4,100,4.7,Excellent,1031,289,Thai
20,16558689,Pasticceria Papa,Haberfield,"145 Ramsay Street, Haberfield, Sydney",Sydney,-33.8809142787,151.1397293954,1,20,4.7,Excellent,516,170,"Coffee and Tea, Italian, Cafe Food"
21,16558417,Malay Chinese Takeaway,CBD,"Shop 1, 50-58 Hunter Street, CBD, Sydney",Sydney,-33.8659722149,151.20964050290002,2,35,4.7,Excellent,418,155,"Chinese, Malaysian"
22,16558782,Prime Steak Restaurant,"GPO Grand, CBD","Lower Ground Floor, GPO Grand, 1 Martin Place, CBD, Sydney",Sydney,-33.8679170555,151.2081260607,4,200,4.7,Excellent,233,73,"French, Steak"
23,16564943,Claire's Kitchen at Le Salon,Surry Hills,"35 Oxford Street, Surry Hills, Sydney",Sydney,-33.8779570839,151.2134767324,4,120,4.7,Excellent,340,151,French
24,16561357,Ormeggio At The Spit,"D'Albora Marinas, Mosman","D'Albora Marinas The Spit, Spit Road, Mosman, Sydney",Sydney,-33.8042245992,151.24583858,4,300,4.7,Excellent,286,131,Italian
25,16562375,Hugos Manly,"Manly Wharf, Manly","Shop 1, Manly Wharf, 21 East Esplanade, Manly, Sydney",Sydney,-33.799878399099995,151.2838900834,4,130,4.7,Excellent,466,157,"Modern Australian, Tapas"
26,16566785,Suzuya,Surry Hills,"210 Devonshire Street, Surry Hills, Sydney",Sydney,-33.8878336691,151.2113839388,3,65,4.7,Excellent,193,75,Japanese
27,16559994,Vina Vegan Restaurant,Newtown,"395 King Street, Newtown, Sydney",Sydney,-33.8997403312,151.1778915301,2,45,4.7,Excellent,155,62,"Vietnamese, Vegetarian, Vegan"
28,16561314,Il Grappolo,Rozelle,"1, 41 Terry Street, Rozelle, Sydney",Sydney,-33.8611411018,151.16840556260001,4,100,4.7,Excellent,142,55,"Italian, Pizza"
29,16566567,Jasmin1,Auburn,"22 Civic Road, Auburn, Sydney",Sydney,-33.8509916166,151.0337492824,2,40,4.7,Excellent,222,112,"Middle Eastern, Seafood, Arabian, BBQ, Falafel, Lebanese, Sandwich, Salad"
30,16558886,Rosso Pomodoro,Balmain,"20-24 Buchanan Street, Balmain, Sydney",Sydney,-33.8634181873,151.1801553145,3,60,4.7,Excellent,307,98,"Italian, Pizza, Vegetarian"
31,16558450,Masuya Japanese Seafood Restaurant,CBD,"Basement Level, 12-14 O'Connell Street, CBD, Sydney",Sydney,-33.8652275069,151.2097836658,3,80,4.6,Excellent,784,194,"Japanese, Hot Pot, Sushi"
32,16562670,Home Thai,CBD,"Shop 1-2, 299 Sussex Street, CBD, Sydney",Sydney,-33.8746117452,151.2042200938,3,60,4.6,Excellent,1500,521,"Thai, Salad"
33,16559790,Rockpool Bar & Grill,CBD,"66 Hunter Street, CBD, Sydney",Sydney,-33.8661673691,151.2103288248,4,150,4.6,Excellent,1352,393,"Seafood, Steak, Modern Australian, Poké"
34,16557552,Chat Thai - Haymarket,Haymarket,"20 Campbell Street, Haymarket, Sydney",Sydney,-33.879219137199996,151.2063326687,2,55,4.6,Excellent,2010,496,"Thai, Salad"
35,16559232,Toko,Surry Hills,"490 Crown Street, 	Surry Hills",Sydney,-33.886843668400005,151.2138777226,4,100,4.6,Excellent,1361,314,Japanese
36,16557481,Cafe Sydney,CBD,"Level 5, Customs House, 31 Alfred Street, CBD, Sydney",Sydney,-33.8624231705,151.2108987942,4,160,4.6,Excellent,1387,370,"Seafood, Modern Australian"
37,16557570,China Doll,Woolloomooloo,"Shop 4, 6 Cowper Wharf Road, Woolloomooloo, Sydney",Sydney,-33.86845824,151.2203391641,4,150,4.6,Excellent,919,262,"Asian, Chinese"
38,16558709,The Restaurant Pendolino,"The Strand Arcade, CBD","Shop 100-102, Level 2, The Strand Arcade, 412-414 George Street, CBD, Sydney",Sydney,-33.8694634866,151.2077146769,4,250,4.6,Excellent,783,192,Italian
39,16569275,Do Dee Paidang Thai,Haymarket,"Shop 9, 37 Ultimo Road, Haymarket, Sydney",Sydney,-33.8805682943,151.2031374872,2,35,4.6,Excellent,406,167,"Thai, Asian"
40,16557372,The Boathouse on Blackwattle Bay,Glebe,"123 Ferry Road, Glebe, Sydney",Sydney,-33.8735085731,151.18816774340002,4,200,4.6,Excellent,452,139,"Seafood, Modern Australian"
41,16568019,Jang Ta Bal Korean Charcoal BBQ,Strathfield,"48A The Boulevarde, Strathfield, Sydney",Sydney,-33.8742735297,151.0941754282,3,90,4.6,Excellent,332,105,Korean BBQ
42,16559243,Toriciya Japanese,Cammeray,"18 Cammeray Road, Cammeray, Sydney",Sydney,-33.8227617286,151.21912110600002,4,100,4.6,Excellent,302,80,"Japanese, Sushi"
43,16557783,El Jannah,Granville,"4-8 South Street, Granville, Sydney",Sydney,-33.8328583097,151.0110802576,2,35,4.6,Excellent,1065,319,"Lebanese, Charcoal Chicken"
44,16714055,Yang San Park,Haymarket,"21/1 Dixon Street, Haymarket",Sydney,-33.8774944563,151.2038576603,2,40,4.6,Excellent,329,113,Korean BBQ
45,16557297,Bentley Restaurant and Bar - Radisson Blu Plaza Hotel,Radisson Blu Plaza Hotel CBD,"Radisson Blue Plaza Hotel, 27 O'Connell Street, CBD, Sydney",Sydney,-33.865650668899995,151.2088931724,4,170,4.6,Excellent,403,178,Modern Australian
46,16557068,A Tavola,Darlinghurst,"348 Victoria Street, Darlinghurst, Sydney",Sydney,-33.8778922271,151.2215977907,3,90,4.6,Excellent,453,138,Italian
47,16570503,Nel. Restaurant,CBD,"75 Wentworth Avenue, CBD, Sydney",Sydney,-33.8794621374,151.2096622959,4,220,4.6,Excellent,200,95,"British, Australian"
48,15544558,The Rice Den,St Leonards,"30-32 Chandos Street, St Leonards, Sydney",Sydney,-33.8219921325,151.1962800846,3,80,4.6,Excellent,273,112,"Cantonese, Chinese"
49,16564297,Kanzo,Parramatta,"Shop 6/55-67 George Street, Parramatta, Sydney",Sydney,-33.814111661,151.00496716799998,2,40,4.6,Excellent,401,169,"Japanese, Sushi"
50,16569240,LP's Quality Meats,Chippendale,"Suite 1, 12-16 Chippen Street, Chippendale, Sydney",Sydney,-33.8875506142,151.201120466,3,75,4.6,Excellent,226,104,Australian
51,16567175,The Lobo Plantation,CBD,"Basement, 209 Clarence Street, CBD, Sydney",Sydney,-33.8700157966,151.20538953690001,3,80,4.6,Excellent,214,69,"Bar Food, Latin American"
52,16557180,Ayam Goreng 99,Kingsford,"464 Anzac Parade, Kingsford, Sydney",Sydney,-33.922148,151.227334,2,40,4.6,Excellent,440,150,"Indonesian, Fried Chicken"
53,16564597,Holy Basil,Shark Hotel,"Shark Hotel, 127 Liverpool Street, CBD, Sydney",Sydney,-33.8766312677,151.20812874290002,3,80,4.6,Excellent,493,200,"Thai, Laotian, Salad"
54,16563274,Grandma's Bar,CBD,"Basement, 275 Clarence Street, 	CBD",Sydney,-33.8721815743,151.205525659,3,90,4.6,Excellent,268,57,"Bar Food, Sandwich"
55,16562676,Cappello Pizzeria,Balmain East,"79 Darling Street, Balmain East, Sydney",Sydney,-33.857504432,151.19241870940002,3,60,4.6,Excellent,193,61,"Italian, Pizza"
56,16557244,Bar Reggio,Darlinghurst,"135 Crown Street, Darlinghurst, Sydney",Sydney,-33.876170024699995,151.2158337236,3,60,4.6,Excellent,383,108,"Italian, Pizza"
57,16565993,Nom,Darlinghurst,"166 Riley Street, Darlinghurst, Sydney",Sydney,-33.8778977942,151.2146310881,2,45,4.6,Excellent,153,42,Japanese
58,16568870,Lentil As Anything,Newtown,"391 King Street, Newtown, Sydney",Sydney,-33.8997350438,151.1778519675,1,20,4.6,Excellent,195,92,"Vegetarian, Vegan"
59,16564484,BahBQ Brazilian Grill,Crows Nest,"35 Albany Street, Crows Nest, Sydney",Sydney,-33.8242677548,151.20163578540001,4,120,4.6,Excellent,206,87,"BBQ, Brazilian"
60,16557778,Efendy Restaurant - Meze Bar,Balmain,"79 Elliott Street, Balmain, Sydney",Sydney,-33.8564686962,151.1726300418,4,100,4.6,Excellent,278,124,Turkish
61,16560977,Hukuya,Eastwood,"25 Railway Parade, Eastwood, Sydney",Sydney,-33.7903009352,151.0829178616,3,60,4.6,Excellent,259,104,"Japanese, Sushi"
62,16560596,Pho Tau Bay,Cabramatta,"Shop 12, 117 John Street, Cabramatta, Sydney",Sydney,-33.8943923769,150.9338490665,2,45,4.6,Excellent,222,89,"Vietnamese, Pho"
63,16558414,Malabar,Darlinghurst,"274 Victoria Street, Darlinghurst, Sydney",Sydney,-33.876049772600005,151.2220970169,3,80,4.6,Excellent,288,100,Indian
64,16566922,Farmhouse Kings Cross,Rushcutters Bay,"4/40 Bayswater Road, Rushcutters Bay, Sydney",Sydney,-33.875006,151.224823,4,110,4.6,Excellent,105,61,Modern Australian
65,16561142,Out of the Blue,Coogee,"272 Clovelly Road, Clovelly, Sydney",Sydney,-33.912250512,151.2582981213,1,20,4.6,Excellent,173,62,"Burger, Seafood, Fish and Chips"
66,16560009,The Yeeros Shop,Marrickville,"431 Illawarra Road, Marrickville, Sydney",Sydney,-33.9156975988,151.1506560445,1,20,4.6,Excellent,147,55,Greek
67,16557949,Glebe Point Diner,Glebe,"407 Glebe Point Road, Glebe, Sydney",Sydney,-33.8747239267,151.1832180619,4,120,4.6,Excellent,241,49,Modern Australian
68,15544399,Jasmins Lebanese Restaurant,Lakemba,"30B Haldon Street, Lakemba, Sydney",Sydney,-33.918826817399996,151.0762636364,2,30,4.6,Excellent,156,59,Lebanese
69,16562176,3 Olives,Newtown,"365 King Street, Newtown, Sydney",Sydney,-33.8989302421,151.177694723,3,85,4.6,Excellent,154,77,"Greek, Mediterranean"
70,16559765,Yiamas Greek Taverna,St. Peters,"5 Princes Hwy, St. Peters, Sydney",Sydney,-33.9089095791,151.180880852,2,55,4.6,Excellent,101,48,Greek
71,16563995,Bondi's Best,North Bondi,"Shop 1, 39-53 Campbell Parade, North Bondi, Sydney",Sydney,-33.8896842187,151.2838441506,3,80,4.6,Excellent,107,36,"Seafood, Sushi"
72,16559413,La Piadina,Bondi Beach,"106 Glenayr Avenue, Bondi Beach, Sydney",Sydney,-33.886261408,151.2738294527,2,35,4.6,Excellent,101,31,"Italian, Pizza, Cafe Food, Coffee and Tea"
73,16565634,Mr. Wong,"Establishment, CBD","Establishment, 3 Bridge Lane, CBD, Sydney",Sydney,-33.864249772,151.2081934512,4,120,4.5,Excellent,1703,649,"Cantonese, Chinese, Yum Cha"
74,18347530,Kobe Wagyu Yakiniku,CBD,"Level 1, 605 George Street, Chinatown, CBD, Sydney",Sydney,-33.8776283458,151.2053224817,4,160,4.5,Excellent,898,606,"Japanese BBQ, BBQ, Healthy Food, Japanese, Oriental, Seafood, Steak, Asian"
75,16566109,Ippudo,"Westfield Pitt Street Mall, CBD","Shop 5021, Level 5, Westfield Pitt Street Mall, 188 Pitt Street, CBD, Sydney",Sydney,-33.8698329,151.2089890614,3,70,4.5,Excellent,1844,602,"Japanese, Ramen"
76,16563159,Ms. G's,Potts Point,"155 Victoria Street, Potts Point, Sydney",Sydney,-33.872626,151.222425,4,100,4.5,Excellent,1336,467,"Asian, Vietnamese, Salad"
77,16564684,Buffalo Dining Club,Darlinghurst,"116 Surrey Street Darlinghurst, Darlinghurst, Sydney",Sydney,-33.877600231799995,151.2219997868,3,70,4.5,Excellent,517,192,Italian
78,16569007,Cho Cho San,Potts Point,"73 Macleay Street, Potts Point, Sydney",Sydney,-33.86942,151.225258,4,120,4.5,Excellent,610,251,"Japanese, Asian, Fusion"
79,16559086,Suminoya Japanese,CBD,"1 Hosking Place, CBD, Sydney",Sydney,-33.867159558400004,151.2095711008,3,80,4.5,Excellent,506,124,Japanese BBQ
80,17743923,Juan Bowl & Tea,Redfern,"Shop 5 94A Pitt Street, Redfern, Sydney",Sydney,-33.8930952033,151.20389856399999,3,80,4.5,Excellent,341,117,"Japanese, Tea"
81,16558421,Mamak,Haymarket,"15 Goulburn Street, 	Haymarket",Sydney,-33.8777433068,151.2042368576,3,70,4.5,Excellent,2378,670,Malaysian
82,16557807,Encasa,Haymarket,"423 Pitt Street, Haymarket, Sydney",Sydney,-33.878651299,151.2072167918,3,80,4.5,Excellent,668,190,Spanish
83,16559500,Miso Japanese Restaurant,"World Square, CBD","Shop 20, World Square Shopping Centre, 644 George Street, CBD, Sydney",Sydney,-33.8774323827,151.2071567774,3,60,4.5,Excellent,623,199,Japanese
84,16564479,BLACK Bar & Grill,"The Star, Pyrmont","80 Pyrmont Street,Pyrmont, Sydney",Sydney,-33.8677330408,151.195734255,4,150,4.5,Excellent,550,254,"Steak, Modern Australian"
85,16569582,Chaco Ramen,Darlinghurst,"238 Crown Street, Darlinghurst, Sydney",Sydney,-33.8782078816,151.2154800072,2,50,4.5,Excellent,312,107,Ramen
86,16563069,Felix Bistro and Bar,"Ivy, CBD","Ivy, 2 Ash Street, CBD, Sydney",Sydney,-33.8666573406,151.2077545747,4,120,4.5,Excellent,713,255,French
87,16565382,Hartsyard,Newtown,"33 Newtown Road, Newtown, Sydney",Sydney,-33.8983636483,151.1769510806,4,100,4.5,Excellent,713,234,Modern Australian
88,16557948,glass brasserie & wine bar,"Hilton Sydney, CBD","Level 2, Hilton Sydney Hotel, 488 George Street, CBD, Sydney",Sydney,-33.8723160288,151.20738711209998,4,150,4.5,Excellent,672,243,"Modern Australian, French, Tapas"
89,16558549,Masuya Suisan,Haymarket,"Shop 5, 447 Pitt Street, Chinatown, Haymarket, Sydney",Sydney,-33.8795698589,151.2070474774,3,80,4.5,Excellent,469,159,"Sushi, Japanese"
90,16566332,Mr Crackles,Darlinghurst,"155 Oxford Street, Darlinghurst, Sydney",Sydney,-33.8801504949,151.2160523236,2,35,4.5,Excellent,617,229,"Sandwich, Fast Food, Salad, Fried Chicken, American"
91,16557373,Bodega,Surry Hills,"Entrance On, 50 Holt Street, Gladstone St, Surry Hills NSW 2010, Australia",Sydney,-33.886363276,151.209323667,3,80,4.5,Excellent,803,194,"Latin American, Tapas"
92,16558176,Jazushi,Surry Hills,"145 Devonshire Street, Surry Hills",Sydney,-33.8871484351,151.2094493955,3,60,4.5,Excellent,499,150,Japanese
93,16558647,Otto Ristorante,Woolloomooloo,"Shop 8, 6 Cowper Wharf Road, Woolloomooloo, Sydney",Sydney,-33.8682196627,151.22051484879998,4,160,4.5,Excellent,507,226,Italian
94,16564486,Oiden Bowl Restaurant,"SkyView Shopping Plaza, CBD","Shop 12, SkyView Shopping Plaza, 537-551 George Street, CBD, Sydney",Sydney,-33.8759824091,151.20592396709998,2,30,4.5,Excellent,553,185,"Japanese, Salad, Poké"
95,17744545,Gogyo,Surry Hills,"52-54 Albion Street, Surry Hills, Sydney",Sydney,-33.8822684191,151.2104351074,2,50,4.5,Excellent,341,116,"Japanese, Ramen"
96,16558841,Rengaya,North Sydney,"Shop 1, 101 Miller Street, North Sydney, Sydney",Sydney,-33.8399768092,151.2067222595,2,50,4.5,Excellent,328,112,"Japanese BBQ, Japanese"
97,16558981,Shiki Japanese Restaurant,The Rocks,"Level 1, Clock Tower, The Rocks Centre, 35-75 Harrington Street, The Rocks, Sydney",Sydney,-33.8592451082,151.2078625336,4,120,4.5,Excellent,247,75,"Japanese, Seafood, Hot Pot"
98,16542060,Chat Thai - Westfield Pitt Street Mall,"Westfield Pitt Street Mall, CBD","Level 6, Westfield Pitt Street Mall, 188 Pitt Street, CBD, Sydney",Sydney,-33.869980442199996,151.209032312,2,55,4.5,Excellent,730,278,"Thai, Salad"
99,16559433,Yulli's,Surry Hills,"417 Crown Street, Surry Hills, Sydney",Sydney,-33.8865592186,151.2137117609,3,75,4.5,Excellent,615,165,"Australian, Asian, Vegan"
100,16585905,Tipo 00,CBD,"361 Little Bourke Street, CBD, Melbourne",Melbourne,-37.8135277429,144.9619733915,4,150,4.9,Excellent,1927,717,Italian
101,16586014,Minamishima,Richmond,"4 Lord Street, Richmond, Melbourne, VIC",Melbourne,-37.8198314176,145.005193837,4,450,4.9,Excellent,748,290,"Japanese, Sushi"
102,17881527,Dexter,Preston,"456 High Street, Preston, Melbourne",Melbourne,-37.736195646,145.0044562295,4,110,4.9,Excellent,1475,685,"American, BBQ"
103,16572612,Vue de monde,CBD,"Level 55, Rialto, 525 Collins Street, CBD, Melbourne",Melbourne,-37.8189544974,144.95793364940002,4,600,4.9,Excellent,3225,987,"Australian, Contemporary"
104,16574138,Suzuran,Camberwell,"1025 Burke Road, Camberwell, Melbourne",Melbourne,-37.8217645249,145.05846451969998,2,35,4.9,Excellent,805,195,"Japanese, Sushi"
105,16575773,Scopri Italian Food & Wine,Carlton,"191, Nicholson Street, Carlton, Melbourne",Melbourne,-37.7957182787,144.9751148745,4,180,4.9,Excellent,458,193,Italian
106,16575846,Pho Hung Vuong Springvale,Springvale,"Shop 2, 15 Balmoral Avenue, Springvale, Melbourne",Melbourne,-37.9494092102,145.1510185003,2,40,4.9,Excellent,923,305,"Vietnamese, Pho"
107,16580129,Yeonga Korean BBQ Restaurant,North Melbourne,"1 Cobden Street, North Melbourne, Melbourne",Melbourne,-37.805638915900005,144.9570951238,4,100,4.8,Excellent,1566,520,"Korean BBQ, Korean, BBQ"
108,16582887,Rice Paper Scissors,CBD,"15, Hardware Lane, CBD, Melbourne",Melbourne,-37.814313,144.961402,3,80,4.8,Excellent,2566,991,"Asian Fusion, Tapas"
109,16572320,Shira Nui,Glen Waverley,"247 Springvale Road, Glen Waverley, Melbourne",Melbourne,-37.8788198823,145.165768303,4,150,4.8,Excellent,1634,420,"Sushi, Japanese"
110,17868098,Bahari The Hellenic Palate,Richmond,"179 Swan Street, Richmond, Melbourne, VIC",Melbourne,-37.825587685500004,144.99757401649998,3,80,4.8,Excellent,756,394,Greek
111,16570775,Attica,Ripponlea,"74 Glen Eira Road, Ripponlea, Melbourne",Melbourne,-37.8769242618,144.9973121658,4,600,4.8,Excellent,1485,491,"Australian, Contemporary"
112,16572155,Punch Lane,CBD,"43 Little Bourke Street, CBD, Melbourne",Melbourne,-37.8108116997,144.9713500589,4,150,4.8,Excellent,1090,429,"Mediterranean, Modern Australian"
113,16579337,Aka Siro,Collingwood,"106, Cambridge Street, Collingwood, Melbourne",Melbourne,-37.8051562667,144.9855748192,3,80,4.8,Excellent,841,236,Japanese
114,16573311,The Proud Peacock,Mount Waverley,"28 Hamilton Place, Mount Waverley, Melbourne",Melbourne,-37.8759680969,145.1287893578,2,45,4.8,Excellent,1352,625,"Chinese, Thai, Vietnamese"
115,16574371,Railway Club Hotel Port Melbourne,Port Melbourne,"107 Raglan Street, Port Melbourne, Melbourne",Melbourne,-37.8338037913,144.9444773421,4,120,4.8,Excellent,862,308,"Steak, Pub Food"
116,16571744,Lentil As Anything,Abbotsford,"1-3 St Heliers Street, Abbotsford, Melbourne",Melbourne,-37.8027048265,145.0035664067,1,25,4.8,Excellent,976,247,"Vegetarian, Vegan"
117,16582069,Jinda Thai Restaurant,Abbotsford,"7 Ferguson Street, Abbotsford, Melbourne",Melbourne,-37.8093087478,144.99236851930002,3,80,4.7,Excellent,3231,1031,Thai
118,16585400,Hakata Gensuke Ramen Professionals,CBD,"168 Russell Street, CBD, Melbourne",Melbourne,-37.8123360761,144.96804222469999,3,50,4.7,Excellent,2335,843,"Ramen, Japanese"
119,16571938,MoVida Bar De Tapas,CBD,"1 Hosier Lane, CBD, Melbourne",Melbourne,-37.8167026904,144.9691895396,4,120,4.7,Excellent,4325,899,"Spanish, Tapas"
120,16571189,Cumulus Inc.,CBD,"Ground Level, 45 Flinders Lane, CBD, Melbourne",Melbourne,-37.814794348,144.9731357396,4,150,4.7,Excellent,4951,1125,"Modern European, Contemporary"
121,16583132,Wagyu Ya,South Yarra,"156 Toorak Road, South Yarra, Melbourne",Melbourne,-37.839070981599995,144.9914190173,4,150,4.7,Excellent,1118,385,"Japanese, Steak, Japanese BBQ"
122,16582573,Mr. Miyagi,Windsor,"99 Chapel Street, Windsor, Melbourne, VIC",Melbourne,-37.8542571942,144.99287344520002,3,80,4.7,Excellent,2022,905,"Asian, Japanese"
123,16577621,Komeyui,South Melbourne,"181 Ferrars Street, South Melbourne, Melbourne",Melbourne,-37.830288,144.953843,4,150,4.7,Excellent,771,245,"Japanese, Japanese BBQ"
124,16573067,Cutler & Co,Fitzroy,"55-57 Gertrude Street, Fitzroy, Melbourne",Melbourne,-37.8055705717,144.9759430066,4,200,4.7,Excellent,2075,569,Modern Australian
125,16572325,Shoya Nouvelle Wafu Cuisine,CBD,"25 Market Lane, CBD, Melbourne",Melbourne,-37.8117808942,144.96922876690002,4,140,4.7,Excellent,1512,387,"Japanese, Sushi, Japanese BBQ"
126,16578925,Hell of the North,Fitzroy,"135 Greeves Street, Fitzroy, Melbourne",Melbourne,-37.8003351649,144.9835487455,4,135,4.7,Excellent,1335,418,"French, European"
127,16571812,Maha Restaurant,CBD,"21 Bond Street, CBD, Melbourne",Melbourne,-37.818166823,144.9626845121,4,300,4.7,Excellent,2638,929,Middle Eastern
128,16582991,Sezar,CBD,"6 Melbourne Place, CBD, Melbourne",Melbourne,-37.813434773000004,144.968899861,4,120,4.7,Excellent,944,410,Middle Eastern
129,16571710,Laksa King,Flemington,"6-12 Pin Oak Crescent, Flemington, Melbourne",Melbourne,-37.7877957536,144.9294968694,3,70,4.7,Excellent,4967,1302,"Malaysian, Chinese"
130,16571144,Claypots Seafood Bar,St Kilda,"213 Barkly Street, St Kilda, Melbourne, VIC",Melbourne,-37.8699640609,144.9806107208,3,90,4.7,Excellent,1336,356,Seafood
131,16572254,Rumi Brunswick,Brunswick,"116 Lygon Street, East Brunswick, Melbourne",Melbourne,-37.7748421244,144.9712652341,4,100,4.7,Excellent,1792,470,Middle Eastern
132,16571694,La Luna Bistro,Carlton North,"320 Rathdowne Street, Carlton North, Melbourne",Melbourne,-37.7911334282,144.9718352035,4,160,4.7,Excellent,1450,415,"Modern Australian, Steak, Mediterranean"
133,16580906,Milk the Cow,St Kilda,"157 Fitzroy Street, St Kilda, Melbourne, VIC",Melbourne,-37.8588823312,144.9794898927,3,80,4.7,Excellent,631,256,Bar Food
134,16570870,Bistro Thierry,Toorak,"511 Malvern Road, Toorak, Melbourne, VIC",Melbourne,-37.848244240999996,145.0038185343,4,200,4.7,Excellent,799,242,French
135,16571855,Matteo's Restaurant,Fitzroy North,"533, Brunswick Street, Fitzroy North, Melbourne",Melbourne,-37.7911649575,144.9795908108,4,280,4.7,Excellent,755,262,"Asian, Fusion"
136,16571541,Il Bacaro Cucina e Bar,CBD,"168-170 Little Collins Street, CBD, Melbourne",Melbourne,-37.813918957199995,144.9680127204,4,200,4.7,Excellent,682,219,Italian
137,16572845,Pho Hung Vuong Saigon,Footscray,"128 Hopkins Street, Footscray, Melbourne",Melbourne,-37.799815922,144.900650382,2,40,4.7,Excellent,1102,362,"Vietnamese, Pho"
138,16573923,Aoba,Malvern,"279 Glenferrie Road, Malvern, Melbourne",Melbourne,-37.856986727199995,145.02913858739998,3,50,4.7,Excellent,637,194,Japanese
139,16577899,Myong Tofu,Flemington,"314 Racecourse Road, Flemington, Melbourne",Melbourne,-37.7881076154,144.9302398413,3,70,4.7,Excellent,694,312,"Malaysian, Chinese"
140,16570683,A1 Bakery,Brunswick,"643-645 Sydney Road, Brunswick, Melbourne",Melbourne,-37.762039427800005,144.9628776312,2,30,4.7,Excellent,916,248,"Bakery, Middle Eastern"
141,16570691,The Abyssinian,Flemington,"277 Racecourse Road, Flemington, Melbourne",Melbourne,-37.7885320846,144.93183877319998,3,60,4.7,Excellent,632,201,"African, Ethiopian"
142,16574463,Katik Take Away Food,Campbellfield,"349 Barry Road, Campbellfield, Melbourne, VIC",Melbourne,-37.6668740186,144.9482334405,2,40,4.7,Excellent,284,109,"Middle Eastern, Turkish"
143,16573158,Fresh Chilli Thai Restaurant,Laverton,"Shop 11, 5 Aviation Road, Laverton, Melbourne",Melbourne,-37.8674385462,144.761923179,3,60,4.7,Excellent,464,193,"Asian, Thai"
144,16577492,Chin Chin,CBD,"125 Flinders Lane, CBD, Melbourne",Melbourne,-37.8155645773,144.9703757465,4,135,4.6,Excellent,10758,3205,"Thai, Asian Fusion"
145,16578345,San Telmo,CBD,"14 Meyers Place, CBD, Melbourne",Melbourne,-37.8122960798,144.9723887444,4,120,4.6,Excellent,2377,769,Steak
146,18584637,Dodee Paidang,CBD,"Basement, 353 Equitable Place, CBD, Melbourne",Melbourne,-37.8157595172,144.9631257355,3,75,4.6,Excellent,1284,466,Thai
147,16572269,Sakura Kaiten Sushi,CBD,"61 Little Collins Street, CBD, Melbourne",Melbourne,-37.812892843,144.9717513844,3,60,4.6,Excellent,1853,435,"Sushi, Japanese"
148,16573473,Peko Peko,South Melbourne,"190 Wells Street, South Melbourne, Melbourne",Melbourne,-37.8318858285,144.9697920308,3,50,4.6,Excellent,1987,513,"Taiwanese, Japanese, Asian"
149,16572962,+39 Pizzeria,CBD,"362 Little Bourke Street, CBD, Melbourne",Melbourne,-37.8134906609,144.9618449807,4,100,4.6,Excellent,2701,807,"Pizza, Italian"
150,16571628,Kenzan Japanese,Collins Place,"Collins Place, Lower Ground Level, 45 Collins Street, CBD, Melbourne",Melbourne,-37.814630395100004,144.9727967754,4,160,4.6,Excellent,964,262,"Japanese, Sushi"
151,16571240,DOC Pizza & Mozzarella Bar - Carlton,Carlton,"295 Drummond Street, Carlton, Melbourne",Melbourne,-37.7989620774,144.9685729668,3,70,4.6,Excellent,3658,921,"Italian, Pizza"
152,16579873,Shimbashi Soba & Sake Bar,CBD,"17 Liverpool Street, CBD, Melbourne",Melbourne,-37.8113361629,144.9714006856,3,55,4.6,Excellent,1085,366,"Japanese, Tapas"
153,16573419,Coda,CBD,"Entrance at Oliver Lane, Basement, 141 Flinders Lane, CBD, Melbourne",Melbourne,-37.8158217601,144.9699640274,4,145,4.6,Excellent,1987,563,"Asian, Fusion"
154,16576154,Naked For Satan,Fitzroy,"285 Brunswick Street, Fitzroy, Melbourne",Melbourne,-37.7987986192,144.9783268198,3,80,4.6,Excellent,4560,875,Bar Food
155,16576477,Purple Peanuts Japanese Cafe,CBD,"620 Collins Street, CBD, Melbourne",Melbourne,-37.8188464377,144.9545490369,2,40,4.6,Excellent,2146,491,"Japanese, Sushi"
156,16574121,Don Don,CBD,"198 Little Lonsdale Street, CBD, Melbourne",Melbourne,-37.8107603127,144.9635954574,2,30,4.6,Excellent,3166,693,"Japanese, Asian"
157,16575158,Yong Green Food,Fitzroy,"421 Brunswick Street, Fitzroy, Melbourne",Melbourne,-37.7943851114,144.9790513516,3,90,4.6,Excellent,1797,444,"Asian, Vegan, Vegetarian"
158,16585319,Pastuso,CBD,"19 ACDC Lane, CBD, Melbourne",Melbourne,-37.8158421546,144.97104328129998,4,125,4.6,Excellent,998,442,"Latin American, Peruvian"
159,16581307,Tonka,CBD,"20 Duckboard, CBD, Melbourne",Melbourne,-37.8157052201,144.9714006856,4,145,4.6,Excellent,1170,444,"Indian, Contemporary"
160,16571931,Moroccan Soup Bar,Fitzroy North,"183 St Georges Road, Fitzroy North, Melbourne",Melbourne,-37.7848848031,144.98235382139998,2,40,4.6,Excellent,2253,457,"Middle Eastern, Moroccan, Vegetarian, Vegan"
161,16574218,BrimCC,CBD,"Shop 2, 601 Little Collins Street, CBD, Melbourne",Melbourne,-37.8178720389,144.9548001587,2,40,4.6,Excellent,791,208,Japanese
162,18235287,Amaru,Armadale,"Shop 5, 1121 High Street, Armadale, Melbourne",Melbourne,-37.855971535900004,145.02494327719998,4,450,4.6,Excellent,331,126,Contemporary
163,16570741,Añada,Fitzroy,"197 Gertrude Street, Fitzroy, Melbourne",Melbourne,-37.8060918933,144.9811686203,4,110,4.6,Excellent,1233,374,"Spanish, Tapas"
164,16573049,Oasis,Hughesdale & Murrumbeena,"Shop 9, 993 North Road, Hughesdale & Murrumbeena, Melbourne",Melbourne,-37.907391712199995,145.0701498985,3,55,4.6,Excellent,1260,458,"Bakery, Middle Eastern, Cafe Food, Coffee and Tea"
165,16570811,Bar Lourinhã,CBD,"37 Little Collins Street, CBD, Melbourne",Melbourne,-37.8127039877,144.97247390450002,4,120,4.6,Excellent,1483,274,"Spanish, Tapas"
166,16576185,Steer Dining Room,South Yarra,"15 Claremont Street, South Yarra, Melbourne",Melbourne,-37.8377068228,144.99366000290001,4,220,4.6,Excellent,1057,395,"Modern Australian, Steak"
167,16571353,Flower Drum,CBD,"17 Market Lane, CBD, Melbourne",Melbourne,-37.8119273715,144.9692998454,4,200,4.6,Excellent,1191,392,Chinese
168,16570927,Breizoz French Creperie,Fitzroy,"Corner Gertrude & Brunswick Streets, Fitzroy, Melbourne",Melbourne,-37.8057816968,144.9767872319,3,50,4.6,Excellent,813,227,"Crepes, Desserts, Cafe Food"
169,16571552,Il Solito Posto,CBD,"Basement, 113 Collins Street, CBD, Melbourne",Melbourne,-37.8149206895,144.9702775106,4,110,4.6,Excellent,1171,287,Italian
170,16571254,Donovans,St Kilda,"40 Jacka Boulevard, St Kilda, Melbourne, VIC",Melbourne,-37.8685443628,144.97520472850002,4,190,4.6,Excellent,1181,316,Modern Australian
171,16574137,Tsukiji,Prahran,"237 High Street, Prahran, Melbourne, VIC",Melbourne,-37.852136713200004,144.9958755076,3,60,4.6,Excellent,504,178,"Japanese, Sushi"
172,16582125,Tuck Shop Take Away,Caulfield,"273 Hawthorn Road, Caulfield North, Melbourne",Melbourne,-37.879972897399995,145.0234006718,2,40,4.6,Excellent,987,378,Burger
173,16571718,Lau's Family Kitchen,St Kilda,"4 Acland Street, St Kilda, Melbourne, VIC",Melbourne,-37.8626445412,144.9744815379,4,170,4.6,Excellent,905,250,"Asian, Chinese"
174,16578365,Ziggy's Eatery,Balaclava,"195 Carlisle Street, Balaclava, Melbourne, VIC",Melbourne,-37.8690022475,144.99348968270002,3,50,4.6,Excellent,768,346,"American, Burger"
175,16572727,MoVida Next Door,CBD,"164 Flinders Street, CBD, Melbourne",Melbourne,-37.8168001589,144.9692291021,3,90,4.6,Excellent,1181,276,"Spanish, Tapas"
176,16571873,The Melbourne Supper Club,CBD,"Level 1, 161 Spring Street, CBD, Melbourne",Melbourne,-37.810870503400004,144.9726562947,3,90,4.6,Excellent,958,187,Modern European
177,16571591,Teppanyaki Inn,CBD,"182 Collins Street, CBD, Melbourne",Melbourne,-37.8148928785,144.9675885961,4,160,4.6,Excellent,459,124,"Japanese, Teppanyaki"
178,16576637,Byblos,"World Trade Centre, Docklands","World Trade Centre, 18-38 Siddeley Street, Docklands, Melbourne",Melbourne,-37.823292382800005,144.9535807595,4,120,4.6,Excellent,653,271,"Mediterranean, Middle Eastern, Lebanese"
179,16573379,Dandenong Pavilion,Dandenong,"55-61A Princes Highway, Dandenong, Melbourne",Melbourne,-37.9820749677,145.2107063681,4,100,4.6,Excellent,1174,503,"Modern Australian, Burger"
180,16580785,Blu by Australian Seafood Fish & Chippery,Coburg,"146 Gaffney Street, Coburg, Melbourne",Melbourne,-37.7328337482,144.954095073,2,40,4.6,Excellent,599,280,"Fish and Chips, Seafood"
181,16580700,Spring Street Grocer,CBD,"157 Spring Street, CBD, Melbourne",Melbourne,-37.811047973499996,144.9726968631,1,25,4.6,Excellent,589,181,"Ice Cream, Cafe Food"
182,16571132,Cicciolina,St Kilda,"130 Acland Street, St Kilda, Melbourne, VIC",Melbourne,-37.868702902399995,144.9799532443,4,120,4.6,Excellent,1361,315,"Italian, Modern Australian"
183,16571105,Chez Olivier - Le Bistro,South Yarra,"268 Toorak Road, South Yarra, Melbourne ",Melbourne,-37.8396892401,144.9962962791,4,150,4.6,Excellent,748,284,French
184,16575612,Umberto Espresso Bar,Thornbury,"822 High Street, Thornbury, Melbourne",Melbourne,-37.7533782094,145.0017311052,3,90,4.6,Excellent,694,239,"Italian, Cafe Food"
185,16571439,The Grand Richmond,Richmond,"333 Burnley Street, Richmond, Melbourne, VIC",Melbourne,-37.8247253994,145.00751797110001,4,150,4.6,Excellent,695,310,"Italian, Pub Food"
186,16571958,Napier Hotel,Fitzroy,"210 Napier Street, Fitzroy, Melbourne",Melbourne,-37.8017882308,144.98029053209999,3,80,4.6,Excellent,1006,252,"Pub Food, Modern Australian"
187,16576707,Sumalee,Bentleigh,"260 Centre Road, Bentleigh, Melbourne",Melbourne,-37.917646734899996,145.03096316010001,3,60,4.6,Excellent,508,190,Thai
188,16581751,O.MY,Beaconsfield,"19 Woods Street, Beaconsfield, Melbourne",Melbourne,-38.046233871999995,145.36747477950001,4,300,4.6,Excellent,346,177,Australian
189,16573491,Demitri's Feast,Richmond,"141 Swan Street, Richmond, Melbourne, VIC",Melbourne,-37.825398862600004,144.99595128,3,55,4.6,Excellent,651,186,"Greek, Grill"
190,16571138,City Wine Shop,CBD,"159 Spring Street, CBD, Melbourne",Melbourne,-37.8109287772,144.97271966190002,3,80,4.6,Excellent,556,155,European
191,16580639,Yokoso Izakaya,Moonee Ponds,"702 Mount Alexander Road, Moonee Ponds, Melbourne, VIC",Melbourne,-37.7685367301,144.92546617989998,3,80,4.6,Excellent,511,169,"Japanese, Sushi"
192,16578238,The Moor's Head,Thornbury,"Rear 774 High Street, Thornbury, Melbourne",Melbourne,-37.7548170889,145.0017884374,3,90,4.6,Excellent,607,176,"Middle Eastern, Pizza"
193,16572722,Sette Bello,Glen Waverley,"540 Springvale Road, Glen Waverley, Melbourne",Melbourne,-37.9020405141,145.16232300549999,4,150,4.6,Excellent,621,249,Italian
194,16571200,Da Noi,South Yarra,"95 Toorak Road, South Yarra, Melbourne",Melbourne,-37.8386687798,144.98964473610002,4,120,4.6,Excellent,501,166,"Italian, Mediterranean"
195,16575224,Khao San Road,Moonee Ponds,"696 Mount Alexander Road, Moonee Ponds, Melbourne, VIC",Melbourne,-37.7686936294,144.9255268648,3,90,4.6,Excellent,586,216,Thai
196,18756821,Lanzhou Beef Noodle Bar,"The Glen, Glen Waverley","The Glen, Ground Floor, G050, 235 Springvale Rd, Glen Waverley",Melbourne,-37.8746339972,145.1660425589,2,40,4.6,Excellent,1462,1053,"Chinese, Fast Food"
197,19245843,Lanzhou Beef Noodle Bar,"Chadstone Shopping Centre, Chadstone","Chadstone Shopping Centre, Ground Level, Shop F021, 1341 Dandenong Road, Chadstone, Melbourne",Melbourne,-37.8873994489,145.0839448348,2,40,4.6,Excellent,1108,934,"Chinese, Fast Food"
198,16582254,Afghan Rahimi Restaurant,Dandenong,"23-29 Walker Street,   Dandenong, Dandenong, Melbourne",Melbourne,-37.9882064699,145.2118171379,3,80,4.6,Excellent,450,293,"Middle Eastern, Afghan"
199,16573607,Brown Rice,Aspendale & Chelsea,"249 Nepean Highway, Edithvale, Melbourne",Melbourne,-38.0373443455,145.1076672971,2,40,4.6,Excellent,348,150,Thai
200,16593535,Rogue Bistro,Newstead,"14 Austin Street, Newstead, Brisbane",Brisbane,-27.4458944148,153.0443733931,4,140,4.9,Excellent,491,205,Modern Australian
201,16595540,Julius Pizzeria,South Brisbane,"77 Grey Street, South Brisbane, Brisbane",Brisbane,-27.473622216,153.01796201620002,3,80,4.9,Excellent,493,181,"Pizza, Italian"
202,16590678,Oishii Sushi Bar,Sunnybank Hills,"Shop 2, 70 Pinelands Road, Sunnybank Hills, Brisbane",Brisbane,-27.591067612800003,153.0605843291,2,40,4.8,Excellent,720,192,"Japanese, Sushi"
203,16590663,Grill'd - Rosalie,Rosalie Village,"Rosalie Village, Shop 19, 21 Nash Street, Paddington, Brisbane",Brisbane,-27.4654874434,152.9970585555,2,40,4.8,Excellent,263,55,Burger
204,16594075,Bird's Nest Yakitori,South Brisbane,"Shop 5, 220 Melbourne Street, South Brisbane, Brisbane",Brisbane,-27.4769737009,153.0130639672,3,80,4.7,Excellent,490,188,"Asian, Japanese, Tapas"
205,16591194,Hosokawa Japanese Restaurant,Hamilton,"Shop 3, 53 Racecourse Road, Hamilton, Brisbane",Brisbane,-27.437400521999997,153.06509345770002,3,60,4.7,Excellent,600,189,"Japanese, Sushi"
206,16592896,Gerard's Bistro,Fortitude Valley,"Shop 14, 15 James Street, Fortitude Valley, Brisbane",Brisbane,-27.4565996683,153.0390626192,4,200,4.7,Excellent,637,276,Middle Eastern
207,16592889,Nonbei Sake Bar & BBQ,Fortitude Valley,"624 Ann Street, Fortitude Valley, Brisbane",Brisbane,-27.4591683461,153.0340515822,3,80,4.7,Excellent,218,72,"Japanese, BBQ"
208,16589882,85 Miskin St,Toowong,"85 Miskin Street, Toowong, Brisbane",Brisbane,-27.4855121347,152.9835925251,4,200,4.7,Excellent,308,138,"French, Modern Australian"
209,16590137,Zum Kaiser,Woolloongabba,"416 Vulture Street, Woolloongabba, Brisbane",Brisbane,-27.484476766700002,153.03686253729998,3,60,4.7,Excellent,296,83,German
210,16590773,Just Poppy's,Riverhills Plaza,"Riverhills Plaza, Shop 4, 20 Bogong Street, Riverhills, Brisbane",Brisbane,-27.5591731477,152.9115537554,2,40,4.7,Excellent,368,137,Burger
211,16592335,The Scratch,Milton,"Shop 8, 1 Park Road, Milton, Brisbane",Brisbane,-27.4702608125,153.0044567585,3,60,4.7,Excellent,174,42,Bar Food
212,16590399,Sono Japanese Restaurant,Portside Wharf,"39 Hercules Street, Hamilton, Brisbane",Brisbane,-27.4413863,153.0699512735,4,150,4.6,Excellent,1082,312,"Japanese, Sushi"
213,16591972,Malt Dining,Brisbane CBD,"28 Market Street, Brisbane CBD, Brisbane",Brisbane,-27.4695775129,153.029649742,4,140,4.6,Excellent,785,270,Modern Australian
214,16594733,Naïm,Paddington,"14 Collingwood Street, Paddington, Brisbane",Brisbane,-27.458371925500003,152.9945708066,3,60,4.6,Excellent,729,258,"Middle Eastern, Cafe Food, Salad"
215,16590549,Sushi Kotobuki,East Brisbane,"53 Lytton Road, East Brisbane, Brisbane",Brisbane,-27.4796290564,153.0441866443,2,40,4.6,Excellent,732,214,"Asian, Japanese, Sushi"
216,16589840,Beccofino,Teneriffe,"10 Vernon Terrace, Teneriffe, Brisbane",Brisbane,-27.4559799517,153.0497834086,3,90,4.6,Excellent,788,239,"Italian, Pizza"
217,16590241,Montrachet,Bowen Hills,"Shop 1, 30 King Street, Bowen Hills, Brisbane",Brisbane,-27.4525400595,153.0336703733,4,200,4.6,Excellent,618,187,French
218,16592501,Public,400 George,"400 George, Level 1, 400 George Street, Brisbane CBD, Brisbane",Brisbane,-27.468992079099998,153.0211672559,4,155,4.6,Excellent,498,183,"Tapas, Contemporary"
219,16591503,Ristorante Tartufo,Emporium - Fortitude Valley,"Emporium, 1000 Ann Street, Fortitude Valley, Brisbane",Brisbane,-27.4527141096,153.0394512042,4,170,4.6,Excellent,472,205,"Italian, Pizza"
220,16591304,Hakataya Ramen,Sunnybank Plaza,"Sunnybank Plaza, Shop 27B, 358 Mains Road, Sunnybank, Brisbane",Brisbane,-27.571057683499998,153.06287091229999,2,40,4.6,Excellent,431,133,"Japanese, Ramen"
221,16590071,Grappino Trattoria Italian Restaurant,Paddington,"226 Given Terrace, Paddington, Brisbane",Brisbane,-27.4620588552,153.00555512309998,4,100,4.6,Excellent,270,98,Italian
222,16589963,Continental Cafe,New Farm,"21 Barker Street, New Farm, Brisbane",Brisbane,-27.465236364299997,153.0430386588,4,125,4.6,Excellent,261,76,European
223,16589959,Cinco Bistro,Camp Hill,"589 Old Cleveland Road, Camp Hill, Brisbane",Brisbane,-27.493241246900002,153.0767312273,4,100,4.6,Excellent,223,89,"Italian, Pizza, Modern Australian"
224,16593582,Rice Paper Vietnamese Cuisine,Warrigal Square Shopping Centre,"Warrigal Square Shopping Centre, 261 Warrigal Road, Eight Mile Plains, Brisbane",Brisbane,-27.5898644575,153.0870761722,2,40,4.6,Excellent,174,76,"Vietnamese, Salad"
225,16593627,Mamak Tandoori House,Camp Hill Marketplace,"Camp Hill Marketplace, Shop 6, 25 Samuel Street, Camp Hill, Brisbane",Brisbane,-27.500617407600004,153.0766705424,2,43,4.6,Excellent,145,75,"Indian, Malaysian"
226,16592529,De Pascale,Chermside,"Corner Kittyhawk Drive & Way Street, Chermside, Brisbane",Brisbane,-27.3851311173,153.0347134173,2,40,4.6,Excellent,142,66,"Pizza, Italian"
227,16591325,Sushi Train,Indooroopilly Junction,"Indooroopilly Junction, Shop 2, 100 Coonan Street, Indooroopilly, Brisbane",Brisbane,-27.5011473587,152.97597438100001,2,40,4.6,Excellent,198,53,"Sushi, Japanese"
228,16589792,Amphora,St Lucia,"36 Hawken Drive, St Lucia, Brisbane",Brisbane,-27.5018182695,152.9966890812,3,80,4.6,Excellent,92,36,Mediterranean
229,16590496,The Verve Italian Steakhouse,Brisbane CBD,"Level 1, Hotel Orient, 560 Queens St Brisbane, Brisbane CBD, Brisbane",Brisbane,-27.462654,153.031031,3,90,4.5,Excellent,997,256,"Italian, Pizza"
230,16589856,Bishamon Japanese,Spring Hill,"500 Boundary Street, Spring Hill, Brisbane",Brisbane,-27.4611232263,153.0226696283,3,60,4.5,Excellent,460,118,"Asian, Japanese, Sushi"
231,16590589,Siam Samrarn,South Brisbane,"The Markets, Shop 1, 69-79 Boundary Street, South Brisbane, Brisbane",Brisbane,-27.4765477434,153.0123149604,3,60,4.5,Excellent,451,145,Thai
232,16590314,Quan Thanh,West End,"Shop 1, 75 Hardgrave Road, West End, Brisbane",Brisbane,-27.482728426999998,153.0068854988,2,50,4.5,Excellent,613,204,"Vietnamese, Chinese, Malaysian, Salad"
233,16589993,E'cco Bistro,Newstead,"63 Skyring Terrace, Newstead, Brisbane",Brisbane,-27.450327368499998,153.0439962074,4,165,4.5,Excellent,628,196,Modern Australian
234,16593080,Tippler's Tap,eat South Bank,"eat South Bank, Shop 5, 182 Grey Street, South Bank, Brisbane",Brisbane,-27.4802539941,153.0232060701,2,50,4.5,Excellent,444,141,American
235,16589924,Caravanserai,West End,"1 Dornoch Terrace, West End, Brisbane",Brisbane,-27.486802985,153.0063446984,2,50,4.5,Excellent,529,169,"Middle Eastern, Turkish, Vegetarian"
236,16592593,The Bun Mobile,Brisbane CBD,"Location Varies, Brisbane, QLD",Brisbane,-27.4685625211,153.0245287344,2,30,4.5,Excellent,730,183,"Asian, Burger"
237,16590177,Lefkas Taverna,West End,"170 Hardgrave Road, West End, Brisbane",Brisbane,-27.4864746227,153.0061807483,3,80,4.5,Excellent,576,193,"Greek, Mediterranean, Salad"
238,16594784,BlackBird Bar & Grill,Riverside Centre,"Riverside Centre, 123 Eagle Street, Brisbane CBD, Brisbane",Brisbane,-27.4674231727,153.0309107155,4,120,4.5,Excellent,268,119,"Modern Australian, Grill"
239,16590106,Il Centro,Eagle Street Pier,"Eagle Street Pier, 45 Eagle Street, Brisbane CBD, Brisbane",Brisbane,-27.469672705100002,153.0306056142,4,120,4.5,Excellent,442,171,Italian
240,16594637,John Mills Himself,Brisbane CBD,"40 Charlotte Street, Brisbane CBD, Brisbane",Brisbane,-27.4720120273,153.0262658,1,20,4.5,Excellent,190,62,"Cafe Food, Beverages"
241,16590231,Mizu,Teneriffe,"2 Macquarie Street, Teneriffe, Brisbane",Brisbane,-27.4624667215,153.0504586548,3,80,4.5,Excellent,364,116,Japanese
242,16590383,Sing's Asian Kitchen,Rosalie Village,"Rosalie Village, 5 Nash Street, Paddington, Brisbane",Brisbane,-27.4661454821,152.9975718632,2,55,4.5,Excellent,558,133,Asian
243,16590502,Vine,New Farm,"158 Moray Street, New Farm, Brisbane",Brisbane,-27.4707932894,153.0437762663,4,100,4.5,Excellent,325,128,Italian
244,16590203,Lychee Lounge,West End,"Shop 2/94, Boundary Street, West End, Brisbane",Brisbane,-27.4784252754,153.012596257,3,70,4.5,Excellent,297,75,"Bar Food, Tapas"
245,16595284,Kinn Thai,Westfield Garden City,"Westfield Garden City, Level 2, Logan Road and Kessels Road, Upper Mount Gravatt, Brisbane",Brisbane,-27.5621041282,153.0801061168,3,60,4.5,Excellent,337,162,"Thai, Salad"
246,16593841,Black Hide Steakhouse,Petrie Terrace,"36 Caxton Street, Petrie Terrace, Brisbane",Brisbane,-27.464782695,153.0128758773,4,100,4.5,Excellent,160,72,Steak
247,16591608,Kingsfood Sunnybank,Market Square Sunnybank,"Market Square, 341 Mains Road, Sunnybank, Brisbane",Brisbane,-27.5726750412,153.0653167516,3,60,4.5,Excellent,342,160,Chinese
248,16590857,Tan Thanh Vietnamese,Inala Civic Centre,"Shop 16, 57 Corsair Avenue, Inala, Brisbane",Brisbane,-27.5992745089,152.9741843417,2,50,4.5,Excellent,313,137,Vietnamese
249,16590135,Kadoya,Brisbane CBD,"73 Mary Street, Brisbane CBD, Brisbane",Brisbane,-27.4721571921,153.0277892947,2,35,4.5,Excellent,272,72,Japanese
250,16594407,DA'Burger,New Farm,"876 Brunswick Street, New Farm, Brisbane",Brisbane,-27.4669457138,153.0467655882,2,45,4.5,Excellent,358,171,Burger
251,16590249,My Thai Restaurant,Auchenflower,"113 Haig Road, Auchenflower, Brisbane",Brisbane,-27.4705514441,152.9958173633,3,70,4.5,Excellent,371,90,Thai
252,16591575,Just Soy Cafe,Sunnybank Hills,"Pacific Centre, Shop 1, 8 Lear Street, Sunnybank Hills, Brisbane",Brisbane,-27.6101802317,153.0542402342,1,20,4.5,Excellent,237,76,"Desserts, Asian"
253,16591265,Sakura Japanese Runcorn,Runcorn,"Shop 8, 957 Beenleigh Road, Runcorn, Brisbane",Brisbane,-27.5965750962,153.0732748658,2,40,4.5,Excellent,200,60,"Japanese, Sushi"
254,16589781,A Night in India,Toowong,"Shop 3, 58 High Street, Toowong, Brisbane",Brisbane,-27.4868815063,152.9912126809,3,60,4.5,Excellent,317,104,Indian
255,16590651,Fresh Sushi Co,James Street Market,"James Street Market, 22 James Street, Fortitude Valley, Brisbane",Brisbane,-27.4562426548,153.0404251814,2,40,4.5,Excellent,165,64,Seafood
256,16591929,DannyBoys,Kelvin Grove,"88 Musk Avenue, Kelvin Grove, Brisbane",Brisbane,-27.4528357957,153.0147675052,2,30,4.5,Excellent,220,113,"American, Sandwich"
257,16590257,No No's,Red Hill,"158 Musgrave Road, Red Hill, Brisbane",Brisbane,-27.455276630100002,153.0066166073,2,40,4.5,Excellent,172,65,"Middle Eastern, Lebanese"
258,16593777,Sushi Edo,Newmarket Village,"Reading Newmarket Shopping Centre, 400 Newmarket Road, Newmarket, Brisbane",Brisbane,-27.4381759672,153.0080981925,2,30,4.5,Excellent,232,88,"Sushi, Japanese"
259,16590875,Curryville Indian Restaurant,Morningside,"629 Wynnum Road, Morningside, Brisbane",Brisbane,-27.4678206073,153.07275351139998,3,60,4.5,Excellent,233,115,Indian
260,16591457,Siam Sensations,Nundah,"Shop 2, 1208 Sandgate Road, Nundah, Brisbane",Brisbane,-27.402637366799997,153.06051325049998,3,60,4.5,Excellent,196,76,Thai
261,16590839,Carraway Pier,Kelvin Grove,"The Village Centre, Shop 17, 8 Carraway Street, Kelvin Grove, Brisbane",Brisbane,-27.4546393526,153.01475375889999,2,30,4.5,Excellent,144,38,"Fish and Chips, Burger"
262,16591120,Indian Mehfil,Ipswich,"116A Brisbane Street, Ipswich, Brisbane",Brisbane,-27.614614289299997,152.7594771981,2,50,4.5,Excellent,151,76,Indian
263,16591642,Sushi Train,Carseldine Central Shopping Centre,"Carseldine Central Shopping Centre, Shop 5, 735 Beams Road, Carseldine, Brisbane",Brisbane,-27.3454749898,153.0120494217,2,40,4.5,Excellent,128,51,"Sushi, Japanese"
264,16590758,Madtongsan II,Brisbane CBD,"Shop 1, 85 Elizabeth Street, Brisbane CBD, Brisbane",Brisbane,-27.471496214600002,153.0253340676,3,60,4.4,Very Good,672,189,Korean
265,16591388,Lady Marmalade Cafe,Greenslopes,"Shop A, 269 Logan Road, Stones Corner, Brisbane",Brisbane,-27.498883599299997,153.04342020299998,2,50,4.4,Very Good,621,242,"Cafe Food, Coffee and Tea"
266,16592679,Pawpaw,East Brisbane,"898 Stanley Street, East Brisbane, Brisbane",Brisbane,-27.4872164109,153.0410243198,2,50,4.4,Very Good,801,295,"Healthy Food, Asian"
267,16592585,The Burrow,West End,"52 Russell Street, West End, Brisbane",Brisbane,-27.479576110500002,153.0125429481,3,60,4.4,Very Good,1012,305,Pizza
268,16590994,Little Greek Taverna,West End,"Shop 5, 1 Browning Street, West End, Brisbane",Brisbane,-27.4774948421,153.0127330497,3,60,4.4,Very Good,1150,397,"Mediterranean, Greek, Salad"
269,17841502,Sushi Edo,Brisbane CBD,"153 Elizabeth Street, Brisbane CBD, Brisbane",Brisbane,-27.4703557066,153.02660007030002,2,30,4.4,Very Good,282,94,"Sushi, Japanese"
270,16589787,Alchemy Restaurant and Bar,Brisbane CBD,"175 Eagle Street, Brisbane CBD, Brisbane",Brisbane,-27.4664548661,153.0310709775,4,160,4.4,Very Good,449,171,"Contemporary, French"
271,16591109,Soul Bistro,Milton,"Shop 5, 16 Baroona Road, Milton, Brisbane",Brisbane,-27.4691827619,153.0032581464,3,60,4.4,Very Good,272,114,"Tapas, Fusion, Cafe Food"
272,17841425,Roti Place,Brisbane CBD,"42 Charlotte Street, Brisbane CBD, Brisbane",Brisbane,-27.4718412798,153.0259395763,3,60,4.4,Very Good,230,111,Malaysian
273,16594374,Billy Kart Kitchen,Annerley,"1 Eric Crescent, Annerley, Brisbane",Brisbane,-27.523862076,153.0293084309,2,50,4.4,Very Good,438,210,Modern Australian
274,16590279,Pane E Vino,Brisbane CBD,"124 Albert Street, Brisbane CBD, Brisbane",Brisbane,-27.4713302259,153.0265970528,3,80,4.4,Very Good,435,148,Italian
275,16590591,Pepe's Mexican Newmarket,Newmarket,"184 Enoggera Road, Newmarket, Brisbane",Brisbane,-27.436758975300002,153.0063832551,3,70,4.4,Very Good,460,204,"Mexican, Tex-Mex"
276,16592247,Deer Duck Bistro,Auchenflower,"396 Milton Road, Auchenflower, Brisbane",Brisbane,-27.473752505500002,152.9955722764,4,150,4.4,Very Good,296,176,"European, Modern Australian"
277,16589777,1889 Enoteca,Woolloongabba,"12 Logan Road, Woolloongabba, Brisbane",Brisbane,-27.486893106100002,153.0365929753,4,140,4.4,Very Good,383,174,"Italian, Vegetarian"
278,16591627,Guzman y Gomez,Emporium - Fortitude Valley,"Emporium, Shop 31, 1000 Ann Street, Fortitude Valley, Brisbane",Brisbane,-27.452950341199998,153.03907133639999,2,40,4.4,Very Good,866,198,Mexican
279,16590088,Himalayan Cafe,New Farm,"640 Brunswick Street, New Farm, Brisbane",Brisbane,-27.4633273709,153.0415111408,3,60,4.4,Very Good,493,128,"Indian, Tibetan, Vegetarian, Salad"
280,16595113,Ben's Burgers,Fortitude Valley,"Winn Lane, 5 Winn Street, Fortitude Valley, Brisbane",Brisbane,-27.457854859,153.0361795798,2,40,4.4,Very Good,408,173,"American, Burger"
281,16590558,Hanwoori Korean Buffet,Brisbane CBD,"Level 1, 70 Mary Street, Brisbane CBD, Brisbane",Brisbane,-27.4722047871,153.0271737278,3,80,4.4,Very Good,200,65,Korean
282,16591379,Cafe Les Amoureux,Market Square Sunnybank,"Market Square, Corner Mains Road & McCullough Street, Sunnybank, Brisbane",Brisbane,-27.5725068276,153.0653801188,4,100,4.4,Very Good,317,129,French
283,16590210,Malaya Corner,Market Square Sunnybank,"Market Square, Shop 38, 341 Mains Road, Sunnybank, Brisbane",Brisbane,-27.5725742914,153.0660895631,2,50,4.4,Very Good,399,136,"Chinese, Malaysian"
284,16591222,AJ Vietnamese Noodle House,Brisbane CBD,"70 Charlotte Street, Brisbane CBD, Brisbane",Brisbane,-27.4713564033,153.0268424749,2,30,4.4,Very Good,272,91,Vietnamese
285,16591348,Canvas,Woolloongabba,"16B Logan Road, Woolloongabba, Brisbane",Brisbane,-27.4871572227,153.03673613819998,3,80,4.4,Very Good,257,105,"Tapas, Spanish"
286,16591195,Archive Beer Boutique and Bistro,West End,"100 Boundary Street, West End, Brisbane",Brisbane,-27.4794018054,153.0125952512,3,60,4.4,Very Good,343,99,"Modern Australian, Bar Food"
287,16592878,Aquitaine Brasserie,eat South Bank,"eat South Bank, River Quay, Shop 2, Sidon Street, South Bank, Brisbane",Brisbane,-27.4809500176,153.0256653205,4,130,4.4,Very Good,237,106,French
288,16590310,Punjabi Palace,South Brisbane,"135 Melbourne Street, South Brisbane, Brisbane",Brisbane,-27.4755774348,153.0151383206,3,60,4.4,Very Good,419,164,Indian
289,16590464,Thai Wi-Rat,Brunswick Street Mall,"Brunswick Street Mall, Shop 270-292, 247 Brunswick Street, Fortitude Valley, Brisbane",Brisbane,-27.4574294226,153.0341139436,3,80,4.4,Very Good,353,130,"Laotian, Thai"
290,16592287,Mitoki Japanese Modern Tapas,Kangaroo Point,"35 Rotherham Street, Kangaroo Point, Brisbane",Brisbane,-27.469426692600003,153.0361886323,3,70,4.4,Very Good,192,53,"Japanese, Tapas"
291,16593960,Bare Bones Society,Jindalee Home Shopping Centre,"Jindalee Home Shopping Centre, Shop 22, 34 Goggs Road, Jindalee, Brisbane",Brisbane,-27.5348288085,152.9479704425,2,40,4.4,Very Good,274,126,"Modern Australian, Cafe Food"
292,16591054,Pho Hien Vuong Pasteur,Market Square Sunnybank,"Market Square, Shop 319, 341 Mains Road, Sunnybank, Brisbane",Brisbane,-27.5730307854,153.0655718967,2,50,4.4,Very Good,264,104,"Vietnamese, Pho"
293,16592495,The Green Edge,Windsor,"Shop 2B, 229 Lutwyche Road, Windsor, Brisbane",Brisbane,-27.4357270177,153.0325555801,2,40,4.4,Very Good,156,89,"Vegan, Cafe Food"
294,16591658,Malaysia Makanan Restaurant,Calamvale,"Calamvale Village, Shop 17, Corner of Kameruka Street and Beaudesert Road, Calamvale, Brisbane",Brisbane,-27.6241249974,153.0488503352,3,60,4.4,Very Good,235,102,"Chinese, Malaysian"
295,16590068,Govinda's Pure Vegetarian,Brisbane CBD,"358 George Street, Brisbane CBD, Brisbane",Brisbane,-27.469530214200002,153.02188809959998,1,20,4.4,Very Good,246,80,"Indian, Healthy Food, Vegetarian, Vegan"
296,16595617,Genkotsu Ramen,Runcorn Plaza,"Runcorn Plaza, Shop 25, 258 Warrigal Road, Runcorn, Brisbane",Brisbane,-27.588247353200003,153.0839346349,2,40,4.4,Very Good,198,83,"Japanese, Ramen"
297,16591593,Boucher,Graceville,"365 Honour Avenue, Graceville, Brisbane",Brisbane,-27.521559535599998,152.9758935794,4,150,4.4,Very Good,182,86,French
298,16591851,Pho Sai Gon,Sunnybank Hills,"Pacific Centre, Shop 9, 223 Calam Road, Sunnybank Hills, Brisbane",Brisbane,-27.6105403106,153.0540223047,2,50,4.4,Very Good,187,66,"Vietnamese, Pho"
299,16590757,Loving Hut,Mount Gravatt,"Shop 2, 1420 Logan Road, Mount Gravatt, Brisbane",Brisbane,-27.5375544155,153.0790764839,2,50,4.4,Very Good,169,79,Asian
300,16596036,Ha-Lu,"Oxford Street, Leederville","4/401 Oxford Street, Mount Hawthorn, Perth",Perth,-31.9233773227,115.84114629780001,3,60,4.9,Excellent,1067,241,"Japanese, Tapas"
301,16598837,Run Amuk,"Orient Street, South Fremantle","386A South Terrace, South Fremantle, Fremantle, Perth",Perth,-32.0722768677,115.7530652359,2,50,4.9,Excellent,1038,340,Fast Food
302,16597513,Pacific Rim Mix Plate,Applecross,"Shop B, 755 Canning Highway, Applecross, Melville, Perth",Perth,-32.0219001116,115.8322872967,2,40,4.9,Excellent,731,211,"Hawaiian, Japanese"
304,16598168,Nobu Perth,Burswood,"Crown Metropol Perth, Great Eastern Highway, Burswood",Perth,-31.960525525799998,115.89402537790001,4,410,4.8,Excellent,1822,659,"Japanese, Sushi"
305,16596002,Galileo Buona Cucina,Shenton Park,"199 Onslow Road, Shenton Park, Perth",Perth,-31.960976,115.812233,3,90,4.8,Excellent,725,205,Italian
306,16595880,Chez Pierre,Nedlands,"131 Stirling Highway, Nedlands, Nedlands & Dalkeith, Perth",Perth,-31.979958,115.798027,4,150,4.8,Excellent,489,236,French
307,16596244,Nine Fine Food,Perth CBD,"227 Bulwer Street, Perth CBD, Perth",Perth,-31.9403095293,115.86168799549999,4,150,4.7,Excellent,962,291,"Japanese, Modern Australian"
308,16596238,Nao Japanese,"Hay Street, Perth CBD","Equus, 580 Hay Street, Perth",Perth,-31.9546343231,115.86092222479999,2,50,4.7,Excellent,1107,343,"Japanese, Ramen"
309,16597030,Prego Restaurant,Floreat,"440 Cambridge Street, Floreat, Perth",Perth,-31.940746543600003,115.80155421049999,4,120,4.7,Excellent,915,408,"Italian, Mediterranean"
310,16598265,Petite Mort,Shenton Park,"225 Onslow Road, Shenton Park, Perth",Perth,-31.961018,115.81147,4,250,4.7,Excellent,554,269,"European, French, Modern Australian"
311,16597994,Shou Japanese Kitchen,Greenwood,"Shop 24, 18 Calectasia Street, Greenwood, Perth",Perth,-31.831055,115.801811,2,50,4.7,Excellent,411,157,Japanese
312,16597908,Solo Pizza,"Coode Street, South Perth","Shop 5, 135A Coode Street, South Perth, Perth",Perth,-31.9881289245,115.8621295542,2,50,4.7,Excellent,307,141,"Coffee and Tea, Italian, Pizza"
313,16596860,The Bonsai Restaurant & Cafe Lounge,Northbridge,"30 Roe Street, Northbridge, Perth",Perth,-31.949422669,115.8576690406,4,130,4.6,Excellent,1316,409,Japanese
314,16596815,S & T Thai Gourmet Cafe,Perth CBD,"349 William Street, Perth CBD, Perth CBD, Perth",Perth,-31.9454374886,115.8615253866,2,55,4.6,Excellent,981,298,Thai
315,16596306,The Prophet Lebanese Cafe,East Victoria Park,"907 Albany Highway, East Victoria Park, Perth",Perth,-31.987375064200002,115.90477701280001,3,65,4.6,Excellent,1094,319,"Middle Eastern, Cafe Food"
316,16598048,P'tite Ardoise Bistro,Perth CBD,"283 Beaufort Street, Perth, Perth CBD, Perth",Perth,-31.9443950771,115.8657894284,4,120,4.6,Excellent,951,357,French
317,16597786,Koko Black Claremont,Claremont,"Claremont Quarter, 23 Saint Quentin Avenue, Claremont, Perth",Perth,-31.982649,115.779449,2,35,4.6,Excellent,1083,281,"Desserts, Cafe Food"
318,16597649,Sparrow Indonesian Restaurant,Perth CBD,"301 Lord Street, Perth CBD, Perth",Perth,-31.943346,115.873399,2,40,4.6,Excellent,394,151,"Indonesian, Malaysian"
319,16595904,Clarkes of North Beach,North Beach,"97 Flora Terrace, North Beach, Perth",Perth,-31.855044351700002,115.75416158879999,4,120,4.6,Excellent,400,171,Modern Australian
320,16597311,Bollywood Spices Indian Cuisine,North Perth,"Shop 9, 299 Charles Street, North Perth, Perth",Perth,-31.929164677,115.8522362262,2,50,4.6,Excellent,378,175,Indian
321,16600545,Bossman Coffee,Mount Lawley,"3/669 Beaufort Street, Mount Lawley, Perth",Perth,-31.9337708524,115.8722994849,1,15,4.6,Excellent,297,105,Cafe Food
322,16597802,Tak'E Sushi,Dianella,"Shop 50, Dianella Plaza, Corner Alexander Drive & Grand Promande, Dianella, Stirling, Perth",Perth,-31.8960180535,115.8710106835,2,30,4.6,Excellent,230,69,"Japanese, Sushi"
323,16600511,Palsaik Namoo,Perth CBD,"68 Barrack Street, Perth CBD, Perth",Perth,-31.954313155,115.8605121821,3,70,4.5,Excellent,659,215,"Korean, BBQ"
324,16595894,Ciao Italia,South Perth,"273 Mill Point Road, South Perth, Perth",Perth,-31.977704288,115.86875595149999,3,65,4.5,Excellent,1794,504,"Italian, Seafood"
325,16596362,Sayers,"Carr Place, Leederville","Shop 1, 224 Carr Place, Leederville, Perth",Perth,-31.937279,115.842598,2,50,4.5,Excellent,2126,548,"Modern Australian, Cafe Food"
326,16595766,Balthazar,Perth CBD,"6 The Esplanade, Perth CBD, Perth",Perth,-31.9565943065,115.8581692725,4,150,4.5,Excellent,1040,284,"European, Modern Australian"
327,16597137,The Raw Kitchen,Fremantle,"181A High Street, Fremantle, Perth",Perth,-32.0534455245,115.7499803603,3,60,4.5,Excellent,1036,386,"Healthy Food, Pizza, Cafe Food"
328,16599597,Is Donburi,Northbridge,"Shop 10, 189 William Street, Northbridge, Perth",Perth,-31.949370892399998,115.8590265736,2,50,4.5,Excellent,881,292,Japanese
329,16598045,Bivouac Canteen & Bar,Northbridge,"198 William Street, Northbridge, Perth",Perth,-31.949295503200002,115.8592924476,4,105,4.5,Excellent,1047,369,"Mediterranean, Middle Eastern, Tapas"
330,16596548,Hawker's Cuisine,Northbridge,"17/68 Roe Street, Northbridge",Perth,-31.9478608221,115.85952043530001,2,50,4.5,Excellent,968,252,"Chinese, Malaysian"
331,16596581,Alfred's Kitchen,Guildford,"Corner Meadow & James Street, Guildford, Perth",Perth,-31.89937,115.968102,2,35,4.5,Excellent,1220,338,"Burger, Fast Food"
332,16597131,Cafe Elixir,Wanneroo,"3 Rocca Way, Wanneroo, Perth",Perth,-31.751041,115.804901,3,60,4.5,Excellent,996,413,Cafe Food
333,16596234,Must Winebar,Highgate,"519 Beaufort Street, Highgate, Perth",Perth,-31.938061,115.869732,4,170,4.5,Excellent,1099,316,Modern Australian
334,16599908,Red Opium,"Hay Street, Perth CBD","21/326 Hay Street, Perth CBD, Perth",Perth,-31.9571239,115.8686983,3,60,4.5,Excellent,499,270,"Tapas, Thai"
335,16596197,Meeka Restaurant,Subiaco,"361 Rokeby Road, Subiaco, Perth",Perth,-31.955089759899998,115.82374881950001,4,135,4.5,Excellent,472,179,"Middle Eastern, Modern Australian"
336,16599078,Mama Tran,Perth CBD,"Shop 10, 36-40 Milligan Street, Perth CBD, Perth",Perth,-31.9513287122,115.8519431949,2,40,4.5,Excellent,566,138,"Vietnamese, Asian"
337,16597360,Frisk. Small Bar,Northbridge,"103 Francis Street, Northbridge, Perth",Perth,-31.9467086229,115.85670143370001,3,60,4.5,Excellent,637,164,"Bar Food, Tapas"
338,16597105,Grill'd - Mount Lawley,Mount Lawley,"669 Beaufort Street, Mount Lawley, Perth",Perth,-31.9338332,115.8725368,2,40,4.5,Excellent,1137,246,"Burger, Healthy Food"
339,16596754,Yuki Japanese Restaurant,Willetton,"113 Collins Road, Willeton, Willetton, Perth",Perth,-32.056272348600004,115.90241767469999,3,60,4.5,Excellent,538,176,Japanese
340,16596772,Kanta,Langford,"Shop 3, 70 Langford Avenue, Langford, Perth",Perth,-32.043415,115.942848,2,40,4.5,Excellent,387,140,Japanese
341,16595961,Embers,Gooseberry Hill,"169 Railway Road, Gooseberry Hill, Kalamunda, Perth",Perth,-31.958155720500002,116.05168260629999,3,80,4.5,Excellent,430,180,"Pizza, Italian"
342,16597161,Mother India Restaurant,"Forrest Street, Fremantle","23 Forrest Street, Fremantle, Perth",Perth,-32.048693,115.763682,4,110,4.5,Excellent,262,121,Indian
343,16595944,Duende,Leederville,"662 Newcastle Street, Leederville, Perth",Perth,-31.937647,115.842613,3,85,4.4,Very Good,2044,634,"Tapas, Spanish"
344,16600553,Bread In Common,Fremantle,"43 Pakenham Street, Fremantle, Perth",Perth,-32.056481,115.745341,4,110,4.4,Very Good,1737,676,"Mediterranean, Bakery"
345,16600681,Pinchos,Leederville,"749 Newcastle Street, Leederville, Perth",Perth,-31.937658,115.841428,3,75,4.4,Very Good,829,358,"Spanish, Tapas"
346,16596635,Andaluz Bar & Tapas,Perth CBD,"21 Howard Street, Perth CBD, Perth",Perth,-31.9555161786,115.8572375402,3,95,4.4,Very Good,1267,275,"Spanish, Tapas"
347,16596980,Clarences,Mount Lawley,"566, Beaufort Street, Mount Lawley, Perth",Perth,-31.937176,115.871019,3,80,4.4,Very Good,1222,316,"Tapas, Modern Australian"
348,16597128,Restaurant Jun,Perth CBD,"568 Hay Street, Perth CBD, Perth",Perth,-31.9549105439,115.8613212034,3,65,4.4,Very Good,666,163,"Japanese, Sushi"
349,16596534,West End Deli,West Perth,"95 Carr Street, West Perth, Perth",Perth,-31.939193938400003,115.85010319950001,3,60,4.4,Very Good,1025,354,Cafe Food
350,16596981,V Burger Bar,East Victoria Park,"Shop 12, 910 Albany Highway, East Victoria Park, Perth",Perth,-31.9871464309,115.90491481129999,2,50,4.4,Very Good,991,329,Burger
351,16597986,Modo Mio,Burswood,"Crown Perth, Great Eastern Highway, Burswood",Perth,-31.9614758771,115.89462786909999,4,200,4.4,Very Good,1024,419,Italian
352,16597153,Tak Chee House,Perth CBD,"Shop 1, 364 William Street, Perth CBD, Perth",Perth,-31.9453882702,115.8617057651,2,45,4.4,Very Good,664,231,"Asian, Malaysian"
353,16598736,Lapa Brazilian Restaurant,Subiaco,"375 Hay Street, Subiaco, Perth",Perth,-31.9476056325,115.8264803141,4,120,4.4,Very Good,848,286,"BBQ, Brazilian, Latin American"
354,16596615,Good Fortune Roast Duck House,Perth CBD,"354 William Street, Perth CBD, Perth",Perth,-31.9454767495,115.8616698906,3,70,4.4,Very Good,823,275,Chinese
355,17841646,The Modern Eatery,Fremantle,"124 High Street, Fremantle, Perth",Perth,-32.053523101399996,115.74890311809999,2,50,4.4,Very Good,298,139,"Japanese, Sushi, Modern Australian"
356,16598458,Veggie Mama,Mount Lawley,"5/567 Beaufort Street, Mount Lawley, Perth",Perth,-31.9364687781,115.87061338129999,2,40,4.4,Very Good,525,170,"Vegetarian, Healthy Food, Cafe Food"
357,16597136,Himalayan Nepalese Restaurant & Cafe,Victoria Park,"419 Albany Highway, Victoria Park, Perth",Perth,-31.9750024539,115.8975880221,3,70,4.4,Very Good,782,247,"Tibetan, Nepalese"
358,16596189,Matilda Bay Restaurant & Bar,Crawley,"3 Hackett Drive, Crawley",Perth,-31.98617,115.82151,4,139,4.4,Very Good,633,243,"Seafood, Modern Australian"
359,16596785,Took Bae Kee I Restaurant,Perth CBD,"Shop 6, 542 Hay Street, Perth CBD",Perth,-31.9550963027,115.86230423299999,2,40,4.4,Very Good,366,95,"Korean, Asian"
360,16596313,Red Cabbage Food + Wine,South Perth,"49/15 Labouchere Road, South Perth, Perth",Perth,-31.9730548089,115.85043814030001,4,200,4.4,Very Good,620,267,"European, Modern Australian"
361,16600685,Noodle Forum,Perth CBD,"Equus Arcade, Shop 203, 580 Hay Street, Perth CBD, Perth",Perth,-31.9539854428,115.8613537252,2,35,4.4,Very Good,412,154,"Asian, Malaysian"
362,16599818,Silver Sushi,Willetton,"1/41 Burrendah Boulevard, Willeton, Perth, Willetton, Perth",Perth,-32.0563860108,115.8806421608,2,45,4.4,Very Good,444,162,Japanese
363,16596062,Hong Kong BBQ House,Northbridge,"76 Francis Street, Northbridge, Perth",Perth,-31.947240058800002,115.85824571549999,3,85,4.4,Very Good,567,211,"BBQ, Chinese, Seafood"
364,16596808,Pizzaca,Doubleview,"161 Gildercliffe Street, Scarborough, Doubleview, Perth",Perth,-31.893734829499998,115.7753493637,3,60,4.4,Very Good,566,179,"Sandwich, Coffee and Tea, Pizza"
365,16595749,Annalakshmi on the Swan,Perth CBD,"Upstairs, Barrack Street Jetty, Jetty 4, Riverside Drive, Perth CBD, Perth",Perth,-31.959564639899998,115.8574702218,3,60,4.4,Very Good,555,151,Indian
366,16597037,Dosukoi Ramen in Fremantle,"Henderson Street, Fremantle","Fremantle Markets, Stall 7, South Terrace & Henderson Street, Fremantle, Perth",Perth,-32.054729,115.749832,2,35,4.4,Very Good,342,120,"Japanese, Ramen"
367,16596685,Ohnamiya Japanese,"Kearns Crescent, Ardross","34 Kearns Crescent, Applecross, Ardross, Perth",Perth,-32.0198734,115.8353793,2,45,4.4,Very Good,528,146,Japanese
368,16596075,ilpasto Italian Trattoria,Inglewood,"4/885 Beaufort Street, Inglewood, Perth",Perth,-31.921606,115.885053,4,100,4.4,Very Good,366,151,"Italian, Mediterranean"
369,16600788,Habitue,"Harvest Road, North Fremantle","1 Harvest Road, North Fremantle, Fremantle, Perth",Perth,-32.0354499,115.7538599,4,120,4.4,Very Good,252,130,"Modern Australian, European"
370,16595997,Friends Restaurant,Perth CBD,"200 St Georges Terrace, Perth CBD, Perth",Perth,-31.9535277248,115.8532879874,4,250,4.4,Very Good,345,170,"Modern Australian, Australian"
371,16601204,Juniper & Bay,Como,"3 Preston Street, Como, Perth",Perth,-31.993955136700002,115.8569243923,3,80,4.4,Very Good,165,99,"European, German, Modern Australian"
372,16596286,Phi Yen,Perth CBD,"205 Brisbane Street, Perth CBD, Perth",Perth,-31.941877479299997,115.86072877049999,3,60,4.4,Very Good,426,133,Vietnamese
373,16596155,Limones Restaurant,Bicton,"1, Point Walter Road, Bicton WA 6157, Perth",Perth,-32.035717,115.784223,4,140,4.4,Very Good,244,118,Italian
374,16596765,Goreng²,Mount Lawley,"75 Walcott Street, Mount Lawley, Perth",Perth,-31.934198792800004,115.87196353819999,2,50,4.4,Very Good,335,121,"Asian, Malaysian"
375,16595935,Delisio,Subiaco,"4/94 Rokeby Road, Subiaco, Perth",Perth,-31.947718,115.824173,3,65,4.4,Very Good,224,63,Italian
376,16597401,Charcoal Chicken Express Dianella,"Grand Promenade, Dianella","Cnr Alexander Drive & Grand Promenade, Centro Dianella",Perth,-31.8959246875,115.8708356693,2,35,4.4,Very Good,245,96,Portuguese
377,16596307,Punjab Indian Restaurant,Innaloo,"371 Scarborough Beach Road, Innaloo, Stirling, Perth",Perth,-31.902353,115.796242,3,65,4.4,Very Good,330,127,"Indian, Pakistani"
378,16597084,Ararat Kebabs,Crawley,"Shop 6, 88 Broadway, Crawley, Perth",Perth,-31.983984465,115.81518452610001,2,30,4.4,Very Good,253,69,Turkish
379,16596550,Musashi,Joondalup,"Unit 7, 115 Grand Boulevard, Joondalup, Perth",Perth,-31.7418805271,115.7705673203,2,35,4.4,Very Good,170,65,Japanese
380,16599574,Lalla Rookh Bar & Eating House,Perth CBD,"Allendale Square, 77 St Georges Terrace, Perth CBD, Perth",Perth,-31.955529264099997,115.85832484069999,3,95,4.3,Very Good,657,284,"Italian, Pizza"
381,16600889,Little Creatures Fremantle Brewery,Fremantle,"40 Mews Road, Fremantle, Perth",Perth,-32.059169269499996,115.74490226809999,3,60,4.3,Very Good,2725,757,"Bar Food, Modern Australian"
382,16599599,Mr. Munchies Sushi,Mount Lawley,"4/669 Beaufort Street, Mount Lawley, Perth",Perth,-31.933827759499998,115.87231155479999,3,70,4.3,Very Good,1199,340,"Japanese, Sushi, Healthy Food"
383,16602022,James Parker Sushi X Sake,Northbridge,"Shop 2, 182 James Street, Northbridge, Perth",Perth,-31.947206204,115.85571471600001,3,80,4.3,Very Good,339,155,"Japanese, Sushi"
384,16596479,Voyage Kitchen,Sorrento,"128 West Coast Drive, Sorrento, Perth",Perth,-31.837502,115.750038,3,80,4.3,Very Good,1105,403,"Modern Australian, Cafe Food"
385,16596072,Il Lido Italian Canteen,Cottesloe,"88 Marine Parade, Cottesloe, Perth",Perth,-31.9957814923,115.75218848879999,4,105,4.3,Very Good,1196,414,Italian
386,16598876,Aisuru Sushi,Northbridge,"208 William Street, Northbridge, Perth",Perth,-31.949064214699998,115.8596350998,3,80,4.3,Very Good,1319,368,"Japanese, Sushi"
387,16599605,The Apple Daily Bar & Eating House,Perth CBD,"Brookfield Place, 125 St Georges Terrace, Perth CBD, Perth",Perth,-31.954309,115.8550633,4,115,4.3,Very Good,582,233,"Asian, Fusion"
388,16597253,Blackbird,"Eastbrook Terrace, East Perth","Suite 4, 10 Eastbrook Terrace, East Perth, Perth",Perth,-31.9527343226,115.8766171709,3,60,4.3,Very Good,592,269,"European, Tapas, Modern Australian"
389,16596049,Hanami Japanese Restaurant,Mount Lawley,"685C Beaufort Street, Mount Lawley, Perth",Perth,-31.932872285,115.87295964360001,3,75,4.3,Very Good,777,223,"Japanese, Sushi"
390,16599698,Cecchi's,Inglewood,"965 Beaufort Street, Inglewood, Perth",Perth,-31.9182831,115.8896991,4,123,4.3,Very Good,351,185,European
391,16596533,Jus Burgers,Leederville,"743 Newcastle Street, Leederville, Perth",Perth,-31.937389218699998,115.8418906108,2,45,4.3,Very Good,1065,283,Burger
392,16596629,Poppo Korean & Japanese,Perth CBD,"137 Barrack Street, Perth CBD, Perth",Perth,-31.9527485464,115.86108416319999,3,60,4.3,Very Good,479,153,"Japanese, Korean"
393,16599777,Galangal,Mount Hawthorn,"180 Scarborough Beach Road, Mount Hawthorn, Perth",Perth,-31.9205865256,115.83726413549999,3,80,4.3,Very Good,452,246,Thai
394,16599959,Varsity Bar,Crawley,"88 Broadway, Crawley, Nedlands & Dalkeith, Perth",Perth,-31.983889,115.815086,2,50,4.3,Very Good,493,200,"American, Burger"
395,16599613,Red Basil Thai Cuisine,Victoria Park,"Shop 2, 335 Albany Highway, Victoria Park, Perth",Perth,-31.9733176069,115.8964386955,2,40,4.3,Very Good,504,213,Thai
396,16601169,Koko Black,Perth CBD,"140 William, Perth CBD, Perth",Perth,-31.952054705100004,115.85779845719999,2,30,4.3,Very Good,333,147,"Desserts, Cafe Food"
397,16598924,The Cabin Small Bar,Mount Hawthorn,"174 Scarborough Beach Road, Mount Hawthorn, Perth",Perth,-31.920688403899998,115.8378126472,3,80,4.3,Very Good,446,171,"Tapas, Modern Australian"
398,16596713,Canton Bay Chinese Restaurant,Northbridge,"20 Roe Street, Northbridge, Perth",Perth,-31.9495449983,115.85800163450001,3,60,4.3,Very Good,426,162,"Chinese, Yum Cha"
399,16599548,La Sosta,Fremantle,"1/85 Market Street, Fremantle, Perth",Perth,-32.0553634,115.7467827,4,130,4.3,Very Good,337,186,Italian
400,16588873,Peel St,"Peel Street, City Centre","9 Peel Street, City Centre, Adelaide",Adelaide,-34.9233805556,138.5979472222,4,110,4.9,Excellent,391,156,"Asian, Middle Eastern, Modern Australian"
401,16588993,Orana,"Rundle Street, City Centre","285 Rundle Street, Adelaide",Adelaide,-34.922626,138.610128,4,350,4.9,Excellent,153,78,Australian
402,16587626,Mandoo,"Bank Street, City Centre","3/26 Bank Street, Adelaide, SA",Adelaide,-34.922517543000005,138.5974917188,2,45,4.8,Excellent,764,290,"Korean, Dumplings"
403,16587409,Indian Temptations,"Main North Road, Enfield","490 Main North Road, Blair Athol",Adelaide,-34.8526305556,138.6004333333,2,50,4.8,Excellent,403,156,Indian
404,16587463,Parwana Afghan Restaurant,"Henley Beach Road, Torrensville","124b Henley Beach Road, Torrensville, Adelaide",Adelaide,-34.9237361111,138.5674583333,3,80,4.7,Excellent,607,188,"Middle Eastern, Afghan"
405,16586909,Enzo's Ristorante,"Port Road, Hindmarsh","46 Port Road, Hindmarsh, Adelaide",Adelaide,-34.908092,138.575577,4,100,4.7,Excellent,425,136,Italian
406,16589254,127 Days,Croydon Park,"127 Days Road, Croydon Park, Adelaide",Adelaide,-34.8758456,138.5663751,2,50,4.7,Excellent,267,123,"American, Burger, Sandwich"
407,16587476,Kefi Greek Cuisine,"Tapleys Hill Road, Glenelg North","3 61 Tapleys Hill Road, Glenelg North, Adelaide",Adelaide,-34.9703214255,138.5169587284,3,80,4.7,Excellent,259,92,Greek
408,16588256,Chapati House 2,"South Road, Glandore","Shop 6a, 715-727 South Road, Glandore",Adelaide,-34.9633722222,138.5727833333,3,60,4.7,Excellent,139,52,Indian
409,16587245,Wasai Japanese Kitchen,"Field Street, City Centre","15 Field Street, Adelaide",Adelaide,-34.9308757855,138.5961227864,3,70,4.6,Excellent,918,252,Japanese
410,16586858,Chianti,"Hutt Street, City Centre","160 Hutt Street, Adelaide",Adelaide,-34.9307777778,138.6123972222,3,80,4.6,Excellent,813,228,Italian
411,16589382,Bread & Bone Wood Grill,"Peel Street, City Centre","15 Peel Street, Adelaide",Adelaide,-34.9235027778,138.5981305556,3,75,4.6,Excellent,599,236,"American, Bar Food"
412,16588445,Ruby Red Flamingo,"Tynte Street, North Adelaide","142 Tynte Street, North Adelaide, Adelaide",Adelaide,-34.9061083333,138.5948194444,3,80,4.6,Excellent,576,216,Italian
413,16586875,Concubine,"Gouger Street, City Centre","132 Gouger Street, Adelaide",Adelaide,-34.9302,138.5944833333,3,90,4.6,Excellent,421,112,Chinese
415,16588187,Il Toro,"North East Road, Greenacres","Shop 1, 321 North East Road, Hampstead Gardens, Greenacres, Adelaide",Adelaide,-34.871688888899996,138.6361833333,2,55,4.6,Excellent,138,71,Italian
416,16587135,Rena's Thai Kitchen,"Kensington Road, Erindale","370 Kensington Road, Erindale, Kensington, Adelaide",Adelaide,-34.925809702600006,138.66299327459998,3,60,4.6,Excellent,131,50,Thai
417,16587474,Eggless,"Goodwood Road, Goodwood","162 Goodwood Road, Goodwood, Adelaide",Adelaide,-34.953102777800005,138.5896138889,2,40,4.5,Excellent,632,184,"Desserts, Coffee and Tea, Cafe Food"
418,16587898,The Pantry On Egmont,"Egmont Terrace, Hawthorn","2, Egmont Terrace, Hawthorn, Adelaide",Adelaide,-34.9689916667,138.5997166667,2,40,4.5,Excellent,417,138,"Coffee and Tea, Cafe Food"
419,16589007,Gin Long Canteen,"O'connell Street, North Adelaide","42 O'Connell Street, North Adelaide",Adelaide,-34.9078321,138.5968021,3,70,4.5,Excellent,613,207,"Malaysian, Thai, Vietnamese"
420,16586943,Georges on Waymouth,"Waymouth Street, City Centre","20 Waymouth Street, Adelaide",Adelaide,-34.9257861111,138.59921388889998,4,130,4.5,Excellent,354,131,European
421,16587253,Windy Point Restaurant,Belair,"Windy Point Lookout, Belair Road, Belair,  Adelaide",Adelaide,-34.997852,138.624649,4,160,4.5,Excellent,463,128,Modern Australian
422,16589171,Tony Tomatoes,"O'connell Street, North Adelaide","155-157 O'Connell Street, North Adelaide",Adelaide,-34.904011111100004,138.5950916667,3,80,4.5,Excellent,298,149,"Italian, Pizza, Bar Food"
423,16586988,Jasmin Indian,City Centre,"31 Hindmarsh Square, Adelaide",Adelaide,-34.9237361111,138.6050111111,3,85,4.5,Excellent,470,136,Indian
424,16587704,EST Pizzeria,"East Terrace, City Centre","30 East Terrace, Adelaide",Adelaide,-34.9231533887,138.6105175316,2,50,4.5,Excellent,345,109,"Italian, Pizza"
425,16588224,Udaberri,"Leigh Street, City Centre","11 Leigh Street, Adelaide",Adelaide,-34.9235638889,138.5976111111,3,65,4.5,Excellent,184,57,"Spanish, Tapas"
426,16588236,Lickerish,"Semaphore Road, Semaphore","26 Semaphore Road, Semaphore, Adelaide",Adelaide,-34.8386385,138.4820065,3,80,4.5,Excellent,284,139,"Pizza, Tapas, Spanish"
427,16587217,Thea Vegetarian Tea Garden,"Gawler Place, City Centre","110 Gawler Place, Adelaide, City Centre, Adelaide",Adelaide,-34.9252120875,138.6021440104,2,50,4.5,Excellent,160,43,Asian
428,16587722,The Ghan Kebab House,"Prospect Road, Blair Athol","364 Prospect Road, Kilburn",Adelaide,-34.8658944444,138.5925138889,2,50,4.5,Excellent,178,73,"Middle Eastern, Afghan"
429,16587914,Sazón Espresso,"Gawler Street, Mount Barker","1 24 Gawler Street, Mount Barker",Adelaide,-35.0673055556,138.8586277778,3,80,4.5,Excellent,122,47,"Mexican, Coffee and Tea, Cafe Food"
430,16586759,Amalfi Pizzeria Ristorante,"Rundle Street, City Centre","29 Frome Street, Adelaide, City Centre, Adelaide",Adelaide,-34.922331434200004,138.60799055549998,3,85,4.4,Very Good,966,265,"Italian, Pizza"
431,16588961,Golden Boy,"East Terrace, City Centre","309 North Terrace, Adelaide",Adelaide,-34.9211055556,138.6103833333,3,96,4.4,Very Good,457,195,"Asian, Thai"
432,16587995,Press Food and Wine,"Waymouth Street, City Centre","40 Waymouth Street, Adelaide",Adelaide,-34.925949347,138.59822295610002,4,130,4.4,Very Good,702,249,Modern Australian
433,16588155,Lucky Lupitas,"O'connell Street, North Adelaide","Shop 1/163 O'Connell Street, North Adelaide, Adelaide",Adelaide,-34.9039084214,138.59509952370001,3,60,4.4,Very Good,764,248,"Latin American, Mexican"
434,16587567,Nghi Ngan Quan (NNQ),"Woodville Road, Woodville","65 Woodville Road, Woodville, Adelaide",Adelaide,-34.87827,138.537057,3,60,4.4,Very Good,741,258,Vietnamese
435,16587417,Yakitori Takumi,"Melbourne Street, North Adelaide","Shop 60, 55 Melbourne Street, North Adelaide",Adelaide,-34.9058944444,138.6096027778,3,75,4.4,Very Good,336,103,"BBQ, Japanese, Tapas"
436,16589557,Africola,"East Terrace, City Centre","4 East Terrace, Adelaide",Adelaide,-34.9213621221,138.6107294261,4,100,4.4,Very Good,324,151,"African, BBQ"
437,16587131,Red Ochre Grill,North Adelaide,"War Memorial Drive, North Adelaide, Adelaide",Adelaide,-34.917361,138.587465,4,130,4.4,Very Good,277,86,Modern Australian
438,16587200,Star of Siam,"Gouger Street, City Centre","67 Gouger Street, Adelaide",Adelaide,-34.9303333333,138.5967111111,3,94,4.4,Very Good,383,117,Thai
439,16588195,Pizza e Mozzarella Bar,"Pirie Street, City Centre","33b Pirie Street, Adelaide",Adelaide,-34.925572222199996,138.60101388889998,3,80,4.4,Very Good,238,96,"Italian, Pizza"
440,16586916,Estia,"Seaview Road, Henley Beach","255 Seaview Road, Henley Beach, Adelaide",Adelaide,-34.919727790799996,138.4942699224,3,80,4.4,Very Good,315,127,Greek
441,16588832,Sushi Bar Genki,"Gouger Street, City Centre","163 Gouger Street, Adelaide",Adelaide,-34.9305694444,138.5930777778,2,35,4.4,Very Good,188,76,"Japanese, Sushi"
442,16588952,Jin's Bibimbar,"Goodwood Road, Westbourne Park","480 Goodwood Road, Cumberland Park",Adelaide,-34.9755814612,138.591622375,2,40,4.4,Very Good,120,49,"Asian, Korean"
443,16589096,Borsa Pasta Cucina,"Grenfell Street, City Centre","25 Grenfell Street, Adelaide, City Centre, Adelaide",Adelaide,-34.9245722222,138.60131944440002,3,90,4.4,Very Good,144,75,Italian
444,16587524,Addis Ababa Cafe,"Port Road, West Hindmarsh","4/462 Port Road, West Hindmarsh, Adelaide",Adelaide,-34.899254,138.562317,3,60,4.4,Very Good,211,71,"African, Ethiopian"
445,16588532,Thai By 3 Monkeys,"O'connell Street, North Adelaide","33 O'Connell Street, North Adelaide, Adelaide",Adelaide,-34.9081805556,138.5966805556,3,60,4.4,Very Good,223,83,Thai
446,16587027,Penfolds Magill Estate Restaurant,"Penfold Road, Rosslyn Park","78 Penfold Road, Rosslyn Park,  Adelaide",Adelaide,-34.920975,138.678863,4,350,4.4,Very Good,155,52,Modern Australian
447,16587416,Lawash Bakery Kabab Shop,"South Road, Torrensville","115 South Road, Torrensville, Adelaide",Adelaide,-34.9185470383,138.5684229434,2,30,4.4,Very Good,182,67,"Lebanese, Middle Eastern, Bakery"
449,16587214,Taste of Nepal,"The Parade, Beulah Park","300 The Parade, Beulah Park, Adelaide",Adelaide,-34.920959,138.644485,4,110,4.4,Very Good,122,48,"Asian, Indian, Tibetan"
450,16587676,Sushi Train,Welland,"Welland Plaza, Shop 25, 522 Port Road, Welland",Adelaide,-34.8964111111,138.5569305556,2,35,4.4,Very Good,155,31,"Sushi, Japanese"
451,16587238,Vietnam Restaurant,"Addison Road, Pennington","73 Addison Road, Pennington, Adelaide",Adelaide,-34.8569588868,138.5290316865,3,70,4.3,Very Good,505,154,Vietnamese
452,16589483,Delicatessen Kitchen and Bar,"Waymouth Street, City Centre","12 Waymouth Street, Adelaide, City Centre, Adelaide",Adelaide,-34.925587,138.599101,3,65,4.3,Very Good,139,75,"European, Bar Food, Coffee and Tea, Cafe Food"
453,16588439,Adelaide Pho,City Centre,"199 Waymouth Street, Adelaide",Adelaide,-34.9262283603,138.5921779275,2,55,4.3,Very Good,352,135,"Vietnamese, Asian"
454,16586963,The Greek on Halifax,"Halifax Street, City Centre","75-79 Halifax Street, Adelaide",Adelaide,-34.93293,138.603256,3,80,4.3,Very Good,405,118,"Greek, Coffee and Tea, Cafe Food"
455,16587584,Singapore House,"Glen Osmond Road, Fullarton","203 Glen Osmond Road, Frewville",Adelaide,-34.9481416667,138.6283555556,3,80,4.3,Very Good,402,134,"Asian, Indian, Singaporean"
456,16587731,Melt CBD,"Waymouth Street, City Centre","38 Waymouth Street, Adelaide",Adelaide,-34.9259416667,138.5982972222,3,60,4.3,Very Good,390,124,"Pizza, Tapas"
457,16587053,Melt Pizzeria,"King William Road, Goodwood","160 King William Road, Goodwood",Adelaide,-34.9547316478,138.6001293361,3,70,4.3,Very Good,452,104,"Pizza, Tapas"
458,16586765,Apothecary 1878,"Hindley Street, City Centre","118 Hindley Street, Adelaide, City Centre, Adelaide",Adelaide,-34.923225,138.5952,3,80,4.3,Very Good,247,85,"European, Tapas"
459,16587651,Thanh Thanh,"Field Street, City Centre","18 Field Street, Adelaide",Adelaide,-34.930855,138.596176,3,65,4.3,Very Good,355,116,"Asian, Vietnamese"
460,16588160,Taverna Greek Psistaria,"Drayton Street, Bowden","290 Port Road, Hindmarsh, Adelaide",Adelaide,-34.90354,138.568695,3,80,4.3,Very Good,226,104,Greek
461,16587382,Sabai Cafe,Glenelg South,"105 Partridge Street, Glenelg South",Adelaide,-34.9906272649,138.5184621066,2,50,4.3,Very Good,196,61,"Thai, Coffee and Tea, Cafe Food"
462,16587079,Nu Thai,"Morphett Street, City Centre","228 Morphett Street, Adelaide, City Centre, Adelaide",Adelaide,-34.9283611111,138.5939944444,4,100,4.3,Very Good,233,86,Thai
463,16587696,FB's Fancy Burgers,"Main Road, Blackwood","Shop 4, 237 Main Road, Blackwood",Adelaide,-35.0200388889,138.61654722219998,2,40,4.3,Very Good,373,121,Burger
464,16586951,Good Life Modern Organic Pizza,City Centre,"170 Hutt Street, Adelaide",Adelaide,-34.931255555599996,138.61231944440001,3,60,4.3,Very Good,294,62,Pizza
465,16587554,Parisi's Restaurant Hyde Park,"King William Road, Unley","138 King William Road, Unley, Adelaide",Adelaide,-34.9536666667,138.5998694444,3,85,4.3,Very Good,213,81,"European, Italian, Pizza"
466,16587587,Pho Baria 2,"Hanson Road, Woodville Gardens","54c Hanson Road, Woodville Gardens, Adelaide",Adelaide,-34.868144010900004,138.54805391280001,2,40,4.3,Very Good,162,71,Vietnamese
467,16587134,Regent Thai,"O'connell Street, North Adelaide","165 O'Connell Street, North Adelaide",Adelaide,-34.903780013,138.5949805006,3,75,4.3,Very Good,197,75,Thai
468,16588539,Cantina Sociale,"Sturt Street, City Centre","108 Sturt Street, Adelaide",Adelaide,-34.9329980597,138.59631355850001,3,60,4.3,Very Good,99,34,"Spanish, Tapas, Bar Food"
469,16588554,Faraja,Goodwood,94 Carrington St Adelaide 5000,Adelaide,-34.9476972222,138.5994861111,3,80,4.3,Very Good,150,71,"Bar Food, Modern Australian"
470,16587946,Saigon Gate,"Prospect Road, Kilburn","402 Prospect Road, Kilburn, Adelaide",Adelaide,-34.8634555556,138.5925305556,2,50,4.3,Very Good,116,43,Vietnamese
471,16587565,Ginling Chinese Restaurant,"Marion Road, Park Holme","609 Marion Road, South Plympton, Park Holme, Adelaide",Adelaide,-34.9819944444,138.5562444444,2,50,4.3,Very Good,133,47,"Asian, Chinese"
472,16587123,Queen's Head Hotel,"Kermode Street, North Adelaide","117 Kermode Street, North Adelaide",Adelaide,-34.911587,138.596466,3,90,4.3,Very Good,132,51,Modern Australian
473,16587196,Stamps,Mitcham,"12 Welbourne Street, Mitcham",Adelaide,-34.9791569167,138.62097077069998,3,80,4.3,Very Good,113,44,Modern Australian
474,16587143,Rising Sun Inn,"Bridge Street, Kensington","60 Bridge Street, Kensington",Adelaide,-34.9248432,138.644409,3,80,4.3,Very Good,125,49,"Mediterranean, Tapas"
475,16608075,The Currant Shed,McLaren Flat,"Ingolby Rd, McLaren Flat",Adelaide,-35.204815,138.593964,2,30,4.3,Very Good,79,39,Modern Australian
476,16587156,Samui Thai,"Greenhill Road, Hazelwood Park","548 Greenhill Road, Hazelwood Park",Adelaide,-34.938415780700005,138.6597665772,3,70,4.3,Very Good,87,45,Thai
477,16587069,Namaste Nepalese Restaurant,Parkside,"41 George Street, Parkside",Adelaide,-34.9453416667,138.6131277778,3,65,4.3,Very Good,114,37,"Indian, Tibetan"
478,16586771,Arya Fine Indian Cuisine,"O'connell Street, North Adelaide","North Adelaide Village, 81 O'Connell Street, North Adelaide",Adelaide,-34.9067333333,138.5955805556,3,80,4.3,Very Good,161,76,Indian
479,16587600,Taste of Bollywood,"Port Road, Hindmarsh","130 Port Road, Hindmarsh, Hindmarsh, Adelaide",Adelaide,-34.903470127199995,138.5687283799,3,65,4.3,Very Good,120,66,Indian
480,16586855,Chefs of Tandoori,"Unley Road, Hyde Park","259 Unley Road, Malvern",Adelaide,-34.957214,138.608215,3,90,4.3,Very Good,99,42,Indian
481,16587534,Lobethal Bierhaus,"Main Street, Lobethal","3a Main Street, Lobethal, Adelaide",Adelaide,-34.90797,138.873627,4,100,4.3,Very Good,91,36,Modern Australian
482,16588009,Betel Leaf Cafe,"Grange Road, Seaton","Shop 2, 403 Grange Road, Seaton, Adelaide",Adelaide,-34.9058138889,138.5234527778,2,50,4.3,Very Good,88,36,"Asian, Vietnamese"
483,16588069,British Raj,"Henley Beach Road, Torrensville","170 Henley Beach Road, Torrensville, Adelaide",Adelaide,-34.9241028872,138.56210634110002,2,40,4.3,Very Good,106,58,Indian
484,18050804,Osteria Oggi,"Pirie Street, City Centre","76 Pirie Street, City Centre, Adelaide",Adelaide,-34.92575,138.6025555556,3,95,4.2,Very Good,254,116,"European, Italian"
485,16588799,Nordburger,"The Parade, Norwood","168 The Parade, Norwood",Adelaide,-34.921336111100004,138.6353444444,2,40,4.2,Very Good,677,219,"American, Burger, Ice Cream"
486,16588258,Cafe Troppo,"Whitmore Square, City Centre","42 Whitmore Square, Adelaide",Adelaide,-34.933199261999995,138.5949013755,2,40,4.2,Very Good,299,111,"Coffee and Tea, Cafe Food"
487,16586941,Gaucho's,"Moonta Street, City Centre","91 Gouger Street, Adelaide",Adelaide,-34.9303638889,138.59597777780002,4,160,4.2,Very Good,505,171,"Argentine, Steak"
488,16586892,Ding Hao Restaurant,"Gouger Street, City Centre","26-28 Gouger Street, Adelaide",Adelaide,-34.9303694444,138.5982666667,2,45,4.2,Very Good,431,120,Chinese
489,16588570,Burgastronomy,"O'connell Street, North Adelaide","19 O'Connell Street, North Adelaide, Adelaide",Adelaide,-34.908777777800005,138.5967722222,2,50,4.2,Very Good,427,135,"American, Burger"
490,16588709,Le Carpe Diem Cafe Creperie,City Centre,"230-232 Grenfell Street, Adelaide",Adelaide,-34.923903312,138.6097296327,2,30,4.2,Very Good,276,121,"French, Coffee and Tea, Cafe Food"
491,16587007,La Trattoria,"King William Street, City Centre","346 King William Street, Adelaide",Adelaide,-34.9323361111,138.60002222219998,3,80,4.2,Very Good,438,157,"Italian, Pizza, Seafood"
492,16587540,Shiki,City Centre,"Intercontinental Hotel, Upper Lobby Level, North Terrace, Adelaide",Adelaide,-34.921577,138.600555,4,125,4.2,Very Good,240,79,Japanese
493,16587002,Ky Chow,"Gouger Street, City Centre","27 Gouger Street, Adelaide, City Centre, Adelaide",Adelaide,-34.930347,138.598251,3,60,4.2,Very Good,269,88,Chinese
494,16588226,The Topiary Cafe,Tea Tree Gully,"1361 North East Road, Tea Tree Gully",Adelaide,-34.8224916667,138.73622222219998,3,90,4.2,Very Good,129,64,"Desserts, Modern Australian, Coffee and Tea, Cafe Food"
495,16586992,Jolley's Boathouse,City Centre,"1 Jolleys Lane, City Centre, Adelaide",Adelaide,-34.917011,138.600296,4,120,4.2,Very Good,233,93,"Seafood, Modern Australian"
496,16588907,The Gallery,"Waymouth Street, City Centre","30 Waymouth Street, Adelaide, City Centre, Adelaide",Adelaide,-34.9258722222,138.5983111111,4,100,4.2,Very Good,166,89,"Tapas, Bar Food"
497,16587014,Lenzerheide Restaurant,Kingswood,"146 Belair Road, Kingswood, Adelaide",Adelaide,-34.9720472222,138.6091916667,4,120,4.2,Very Good,233,82,European
498,16589555,Sukhumvit Soi 38,City Centre,"54 Pulteney Street, Adelaide",Adelaide,-34.9231305721,138.605479002,3,90,4.2,Very Good,145,78,Thai
499,16586902,East Taste Cafe,"Gouger Street, City Centre","119 Gouger Street, Adelaide",Adelaide,-34.9305,138.595184,2,50,4.2,Very Good,260,82,"Asian, Chinese"
